station_id,station_name,lat,lng,corridor,corridor_type,station_role,is_terminal,is_interchange,station_importance,busy_factor,route_overlap_count,transfer_score,land_use_type,near_market,near_business_district,timestamp_utc,hour,day_of_week,is_weekend,current_speed,free_flow_speed,current_travel_time,free_flow_travel_time,traffic_confidence,traffic_pressure,temperature_2m,precipitation,rain,cloud_cover,crowd_score,label
oshodi_terminal,Oshodi Terminal,6.557,3.35,General,primary,terminal,1,1,5,0.9,3,5,mixed,0,0,2026-03-26T00:21:36.564393+00:00,1,3,0,69.0,69.0,694.0,694.0,1.0,0.0,28.4,0.0,0.0,100.0,0.386,flowing
mile_2,Mile 2,6.4698,3.3023,General,primary,terminal,1,1,5,0.85,3,5,market,1,0,2026-03-26T00:21:39.527312+00:00,1,3,0,61.0,61.0,1044.0,1044.0,1.0,0.0,28.5,0.0,0.0,100.0,0.43500000000000005,moderate
ikeja_under_bridge,Ikeja Under Bridge,6.5958,3.3403,General,primary,interchange,0,1,4,0.6,3,5,business,0,1,2026-03-26T00:21:42.053325+00:00,1,3,0,31.0,31.0,8.0,8.0,1.0,0.0,27.8,0.0,0.0,100.0,0.28,flowing
ojota,Ojota,6.5952,3.3831,General,primary,interchange,0,1,4,0.7,3,5,mixed,0,0,2026-03-26T00:21:45.434864+00:00,1,3,0,41.0,41.0,28.0,28.0,1.0,0.0,27.9,0.0,0.0,100.0,0.242,flowing
berger,Berger,6.6349,3.3782,General,primary,interchange,0,1,3,0.55,3,5,mixed,0,0,2026-03-26T00:21:48.241392+00:00,1,3,0,73.0,73.0,1264.0,1264.0,1.0,0.0,28.0,0.0,0.0,100.0,0.20900000000000002,flowing
cms_marina,CMS Marina,6.4505,3.3958,General,primary,terminal,1,1,2,0.4,3,5,business,0,1,2026-03-26T00:21:51.321463+00:00,1,3,0,76.0,76.0,918.0,918.0,1.0,0.0,28.5,0.0,0.0,100.0,0.336,flowing
johnson_street,Johnson Street,6.54318,3.377831,General,local,standard,0,0,3,0.5,1,2,mixed,0,0,2026-03-26T00:21:55.206266+00:00,1,3,0,71.0,71.0,330.0,330.0,1.0,0.0,28.5,0.0,0.0,100.0,0.038000000000000006,flowing
abule_oja,Abule Oja,6.517238,3.38274,General,local,standard,0,0,3,0.48,1,2,market,1,0,2026-03-26T00:21:58.383213+00:00,1,3,0,76.0,76.0,918.0,918.0,1.0,0.0,28.5,0.0,0.0,100.0,0.09360000000000002,flowing
spencer_bus_station,Spencer Bus Station,6.502029100000001,3.377223,General,local,terminal,1,0,3,0.45,3,5,mixed,0,0,2026-03-26T00:22:02.207592+00:00,1,3,0,76.0,76.0,918.0,918.0,1.0,0.0,28.5,0.0,0.0,100.0,0.20700000000000002,flowing
iyana_oworo,Iyana Oworo,6.546217,3.3980625,General,local,interchange,0,1,3,0.52,3,5,mixed,0,0,2026-03-26T00:22:04.942078+00:00,1,3,0,74.0,74.0,996.0,996.0,1.0,0.0,28.5,0.0,0.0,100.0,0.20240000000000002,flowing
laide,Laide,6.539657,3.392462999999999,General,local,standard,0,0,3,0.5,1,2,mixed,0,0,2026-03-26T00:22:08.004376+00:00,1,3,0,76.0,76.0,918.0,918.0,1.0,0.0,28.5,0.0,0.0,100.0,0.038000000000000006,flowing
olorunsogo,Olorunsogo,6.5351119,3.3525065,General,local,standard,0,0,3,0.5,1,2,mixed,0,0,2026-03-26T00:22:11.242942+00:00,1,3,0,44.0,44.0,788.0,788.0,1.0,0.0,28.4,0.0,0.0,100.0,0.038000000000000006,flowing
bajulaiye,Bajulaiye,6.533379,3.383108,General,local,standard,0,0,3,0.5,1,2,mixed,0,0,2026-03-26T00:22:14.629866+00:00,1,3,0,55.0,55.0,663.0,663.0,1.0,0.0,28.5,0.0,0.0,100.0,0.038000000000000006,flowing
iyana_church,Iyana Church,6.501030000000001,3.38976,General,local,standard,0,0,3,0.5,1,2,residential,0,0,2026-03-26T00:22:17.839992+00:00,1,3,0,76.0,76.0,918.0,918.0,1.0,0.0,28.5,0.0,0.0,100.0,0.038000000000000006,flowing
lawal,Lawal,6.514756999999999,3.35599,General,local,standard,0,0,3,0.5,1,2,mixed,0,0,2026-03-26T00:22:20.601023+00:00,1,3,0,52.0,52.0,1177.0,1177.0,1.0,0.0,28.5,0.0,0.0,100.0,0.038000000000000006,flowing
st_timothy,St Timothy,6.507482,3.387555,General,local,standard,0,0,3,0.5,1,2,mixed,0,0,2026-03-26T00:22:24.802764+00:00,1,3,0,76.0,76.0,918.0,918.0,1.0,0.0,28.5,0.0,0.0,100.0,0.038000000000000006,flowing
lady_lak,Lady Lak,6.539136999999999,3.384637,General,local,standard,0,0,3,0.5,1,2,mixed,0,0,2026-03-26T00:22:27.484594+00:00,1,3,0,76.0,76.0,918.0,918.0,1.0,0.0,28.5,0.0,0.0,100.0,0.038000000000000006,flowing
alausa,Alausa,6.6174604,3.3594836,General,local,interchange,0,1,3,0.52,3,5,business,0,1,2026-03-26T00:22:31.259151+00:00,1,3,0,40.0,40.0,341.0,341.0,1.0,0.0,27.8,0.0,0.0,100.0,0.2624,flowing
gbagada,Gbagada,6.548821,3.388359,General,secondary,interchange,0,1,3,0.58,3,5,mixed,0,0,2026-03-26T00:22:35.231560+00:00,1,3,0,71.0,71.0,330.0,330.0,1.0,0.0,28.5,0.0,0.0,100.0,0.2156,flowing
unilag_gate_university_road,Unilag Gate (University Road),6.517602999999999,3.384831999999999,General,local,standard,0,0,3,0.5,1,2,education,0,0,2026-03-26T00:22:38.211274+00:00,1,3,0,44.0,44.0,788.0,788.0,1.0,0.0,28.5,0.0,0.0,100.0,0.038000000000000006,flowing
chemist_bus_stop,Chemist Bus Stop,6.529058999999998,3.3804765,General,local,standard,0,0,3,0.5,1,2,mixed,0,0,2026-03-26T00:22:40.830906+00:00,1,3,0,55.0,55.0,663.0,663.0,1.0,0.0,28.5,0.0,0.0,100.0,0.038000000000000006,flowing
waec_bus_station,WAEC Bus Station,6.517698800000001,3.371279200000001,General,local,terminal,1,0,3,0.5,3,5,mixed,0,0,2026-03-26T00:22:44.364238+00:00,1,3,0,44.0,44.0,788.0,788.0,1.0,0.0,28.4,0.0,0.0,100.0,0.21800000000000003,flowing
abule_oja_2,Abule Oja,6.51703,3.381541,General,local,standard,0,0,3,0.48,1,2,market,1,0,2026-03-26T00:22:47.323426+00:00,1,3,0,76.0,76.0,918.0,918.0,1.0,0.0,28.5,0.0,0.0,100.0,0.09360000000000002,flowing
new_hall,New Hall,6.519029,3.392297,General,local,standard,0,0,3,0.5,1,2,education,0,0,2026-03-26T00:22:49.898770+00:00,1,3,0,76.0,76.0,918.0,918.0,1.0,0.0,28.5,0.0,0.0,100.0,0.038000000000000006,flowing
iju_train_station,Iju Train Station,6.6610851,3.3200146,General,local,terminal,1,0,3,0.52,3,5,mixed,0,0,2026-03-26T00:22:52.855176+00:00,1,3,0,49.0,49.0,1457.0,1457.0,1.0,0.0,27.7,0.0,0.0,100.0,0.22240000000000004,flowing
okesuna,Okesuna,6.533609999999999,3.379921,General,local,standard,0,0,3,0.5,1,2,mixed,0,0,2026-03-26T00:22:55.275502+00:00,1,3,0,55.0,55.0,663.0,663.0,1.0,0.0,28.4,0.0,0.0,100.0,0.038000000000000006,flowing
yabatech_main_gate,Yabatech Main Gate,6.519164,3.371761,General,secondary,standard,0,0,3,0.5,1,2,education,0,0,2026-03-26T00:22:57.872473+00:00,1,3,0,76.0,76.0,918.0,918.0,1.0,0.0,28.4,0.0,0.0,100.0,0.038000000000000006,flowing
abidoun,Abidoun,6.499777,3.388271,General,local,standard,0,0,3,0.5,1,2,mixed,0,0,2026-03-26T00:23:00.347448+00:00,1,3,0,76.0,76.0,918.0,918.0,1.0,0.0,28.5,0.0,0.0,100.0,0.038000000000000006,flowing
mushin,Mushin,6.529851699999998,3.353364999999999,General,local,interchange,0,1,4,0.6,3,5,market,1,0,2026-03-26T00:23:03.666809+00:00,1,3,0,44.0,44.0,788.0,788.0,1.0,0.0,28.4,0.0,0.0,100.0,0.28,flowing
olosha_bus_stop,Olosha Bus Stop,6.526432,3.358003,General,local,standard,0,0,3,0.5,1,2,mixed,0,0,2026-03-26T00:23:08.012874+00:00,1,3,0,42.0,42.0,1276.0,1276.0,1.0,0.0,28.4,0.0,0.0,100.0,0.038000000000000006,flowing
jibowu_bus_stop,Jibowu Bus Stop,6.519979999999999,3.367309,General,local,interchange,0,1,3,0.56,3,5,mixed,0,0,2026-03-26T00:23:11.951406+00:00,1,3,0,52.0,52.0,1177.0,1177.0,1.0,0.0,28.4,0.0,0.0,100.0,0.21120000000000005,flowing
ayilara,Ayilara,6.510533000000001,3.36117,General,local,standard,0,0,3,0.5,1,2,mixed,0,0,2026-03-26T00:23:16.308887+00:00,1,3,0,52.0,52.0,1177.0,1177.0,1.0,0.0,28.5,0.0,0.0,100.0,0.038000000000000006,flowing
alagomeji,Alagomeji,6.499767,3.378309,General,local,standard,0,0,3,0.5,1,2,mixed,0,0,2026-03-26T00:23:19.453785+00:00,1,3,0,76.0,76.0,918.0,918.0,1.0,0.0,28.5,0.0,0.0,100.0,0.038000000000000006,flowing
alagomeji_bus_station,Alagomeji Bus Station,6.4997771,3.3781725,General,local,terminal,1,0,3,0.5,3,5,mixed,0,0,2026-03-26T00:23:23.472382+00:00,1,3,0,76.0,76.0,918.0,918.0,1.0,0.0,28.5,0.0,0.0,100.0,0.21800000000000003,flowing
onipanu,Onipanu,6.532926000000001,3.367368,General,secondary,interchange,0,1,3,0.56,3,5,mixed,0,0,2026-03-26T00:23:26.965877+00:00,1,3,0,55.0,55.0,663.0,663.0,1.0,0.0,28.4,0.0,0.0,100.0,0.21120000000000005,flowing
onipanu_2,Onipanu,6.532806000000001,3.3671,General,secondary,interchange,0,1,3,0.56,3,5,mixed,0,0,2026-03-26T00:23:29.923856+00:00,1,3,0,52.0,52.0,1177.0,1177.0,1.0,0.0,28.4,0.0,0.0,100.0,0.21120000000000005,flowing
palmgrove_bariga,Palmgrove Bariga,6.541820999999999,3.368328,General,secondary,interchange,0,1,3,0.55,3,5,residential,0,0,2026-03-26T00:23:33.212054+00:00,1,3,0,55.0,55.0,663.0,663.0,1.0,0.0,28.4,0.0,0.0,100.0,0.20900000000000002,flowing
igbobi,Igbobi,6.530229,3.367605,General,local,standard,0,0,3,0.5,1,2,mixed,0,0,2026-03-26T00:23:36.758943+00:00,1,3,0,55.0,55.0,663.0,663.0,1.0,0.0,28.4,0.0,0.0,100.0,0.038000000000000006,flowing
charly_boy_bus_stop,Charly Boy Bus Stop,6.548371899999999,3.3787432,General,local,interchange,0,1,3,0.5,3,5,mixed,0,0,2026-03-26T00:23:39.859484+00:00,1,3,0,71.0,71.0,330.0,330.0,1.0,0.0,28.5,0.0,0.0,100.0,0.198,flowing
unilag_shuttle_bariga,Unilag Shuttle Bariga,6.534617999999999,3.391877999999999,General,local,standard,0,0,3,0.5,1,2,education,0,0,2026-03-26T00:23:42.443275+00:00,1,3,0,76.0,76.0,918.0,918.0,1.0,0.0,28.5,0.0,0.0,100.0,0.038000000000000006,flowing
idi_araba,Idi Araba,6.516742,3.354085,General,local,standard,0,0,3,0.5,1,2,mixed,0,0,2026-03-26T00:23:45.548317+00:00,1,3,0,44.0,44.0,788.0,788.0,1.0,0.0,28.5,0.0,0.0,100.0,0.038000000000000006,flowing
underbridge_mosalashi,Underbridge (Mosalashi),6.517128,3.368726,General,local,standard,0,0,3,0.5,1,2,mixed,0,0,2026-03-26T00:23:48.255073+00:00,1,3,0,55.0,55.0,663.0,663.0,1.0,0.0,28.5,0.0,0.0,100.0,0.038000000000000006,flowing
yaba_station,Yaba Station,6.510681999999999,3.370865999999999,General,secondary,interchange,0,1,4,0.65,3,5,mixed,0,0,2026-03-26T00:23:51.873178+00:00,1,3,0,49.0,49.0,1263.0,1263.0,0.565223,0.0,28.5,0.0,0.0,100.0,0.23100000000000004,flowing
ojuelegba,Ojuelegba,6.511566999999999,3.363344999999999,General,primary,interchange,0,1,4,0.62,3,5,mixed,0,0,2026-03-26T00:23:54.558443+00:00,1,3,0,52.0,52.0,1177.0,1177.0,1.0,0.0,28.5,0.0,0.0,100.0,0.2244,flowing
muritala,Muritala,6.543013999999999,3.393567999999999,General,local,standard,0,0,3,0.5,1,2,mixed,0,0,2026-03-26T00:23:57.354858+00:00,1,3,0,76.0,76.0,918.0,918.0,1.0,0.0,28.5,0.0,0.0,100.0,0.038000000000000006,flowing
nsik_motors_limited_aktc_ojuelegba,"Nsik Motors Limited (Aktc), Ojuelegba",6.510032000000001,3.3623336,General,primary,standard,0,0,3,0.5,1,2,mixed,0,0,2026-03-26T00:24:00.127979+00:00,1,3,0,52.0,52.0,1177.0,1177.0,1.0,0.0,28.5,0.0,0.0,100.0,0.038000000000000006,flowing
church,Church,6.530596999999999,3.378789,General,local,standard,0,0,3,0.5,1,2,residential,0,0,2026-03-26T00:24:03.408712+00:00,1,3,0,55.0,55.0,663.0,663.0,1.0,0.0,28.4,0.0,0.0,100.0,0.038000000000000006,flowing
unilag_gate_akoka_road,Unilag Gate (Akoka Road),6.517867000000001,3.384795,General,local,standard,0,0,3,0.5,1,2,education,0,0,2026-03-26T00:24:06.458034+00:00,1,3,0,44.0,44.0,788.0,788.0,1.0,0.0,28.5,0.0,0.0,100.0,0.038000000000000006,flowing
obanikoro,Obanikoro,6.546717999999998,3.367314,General,secondary,interchange,0,1,3,0.57,3,5,mixed,0,0,2026-03-26T00:24:08.910595+00:00,1,3,0,55.0,55.0,663.0,663.0,1.0,0.0,28.4,0.0,0.0,100.0,0.21339999999999998,flowing
sungas,Sungas,6.535856999999999,3.38897,General,local,standard,0,0,3,0.5,1,2,mixed,0,0,2026-03-26T00:24:11.496613+00:00,1,3,0,76.0,76.0,918.0,918.0,1.0,0.0,28.5,0.0,0.0,100.0,0.038000000000000006,flowing
ojuelegba_bus_station,Ojuelegba Bus Station,6.510317,3.3626533,General,primary,terminal,1,1,4,0.62,3,5,mixed,0,0,2026-03-26T00:24:14.365282+00:00,1,3,0,52.0,52.0,1177.0,1177.0,1.0,0.0,28.5,0.0,0.0,100.0,0.3244,flowing
mfm_gate,Mfm Gate,6.509885,3.385634,General,local,standard,0,0,3,0.5,1,2,mixed,0,0,2026-03-26T00:24:17.086859+00:00,1,3,0,74.0,74.0,996.0,996.0,1.0,0.0,28.5,0.0,0.0,100.0,0.038000000000000006,flowing
alade_bus_stop,Alade Bus Stop,6.6019546,3.3538821,General,local,standard,0,0,3,0.5,1,2,mixed,0,0,2026-03-26T00:24:19.893449+00:00,1,3,0,37.0,37.0,363.0,363.0,1.0,0.0,27.8,0.0,0.0,100.0,0.038000000000000006,flowing
ibidun,Ibidun,6.51072,3.360529999999999,General,local,standard,0,0,3,0.5,1,2,mixed,0,0,2026-03-26T00:24:23.071345+00:00,1,3,0,52.0,52.0,1177.0,1177.0,1.0,0.0,28.5,0.0,0.0,100.0,0.038000000000000006,flowing
st_finbarrs,St Finbarrs,6.522098,3.385506,General,local,standard,0,0,3,0.5,1,2,mixed,0,0,2026-03-26T00:24:25.680084+00:00,1,3,0,55.0,55.0,663.0,663.0,1.0,0.0,28.5,0.0,0.0,100.0,0.038000000000000006,flowing
unilag,Unilag,6.517568199999999,3.3855674,General,local,standard,0,0,3,0.5,1,2,education,0,0,2026-03-26T00:24:28.290324+00:00,1,3,0,76.0,76.0,918.0,918.0,1.0,0.0,28.5,0.0,0.0,100.0,0.038000000000000006,flowing
gbagada_2,Gbagada,6.5491486,3.3881944,General,secondary,interchange,0,1,3,0.58,3,5,mixed,0,0,2026-03-26T00:24:30.998089+00:00,1,3,0,71.0,71.0,325.0,325.0,1.0,0.0,28.5,0.0,0.0,100.0,0.2156,flowing
fadeyi_bus_stop,Fadeyi Bus Stop,6.522983799999999,3.3678074,General,secondary,interchange,0,1,3,0.54,3,5,mixed,0,0,2026-03-26T00:24:34.331861+00:00,1,3,0,55.0,55.0,663.0,663.0,1.0,0.0,28.4,0.0,0.0,100.0,0.20680000000000004,flowing
ojuelegba_2,Ojuelegba,6.510960600000001,3.362959,General,primary,interchange,0,1,4,0.62,3,5,mixed,0,0,2026-03-26T00:24:37.252872+00:00,1,3,0,52.0,52.0,1177.0,1177.0,1.0,0.0,28.5,0.0,0.0,100.0,0.2244,flowing
sport_centre,Sport Centre,6.517343999999999,3.387760999999999,General,local,standard,0,0,3,0.5,1,2,education,0,0,2026-03-26T00:24:39.863982+00:00,1,3,0,76.0,76.0,918.0,918.0,1.0,0.0,28.5,0.0,0.0,100.0,0.038000000000000006,flowing
temple,Temple,6.540592,3.392753,General,local,standard,0,0,3,0.5,1,2,mixed,0,0,2026-03-26T00:24:42.324908+00:00,1,3,0,76.0,76.0,918.0,918.0,1.0,0.0,28.5,0.0,0.0,100.0,0.038000000000000006,flowing
fadeyi,Fadeyi,6.523944999999999,3.367264,General,secondary,interchange,0,1,3,0.54,3,5,mixed,0,0,2026-03-26T00:24:45.451213+00:00,1,3,0,52.0,52.0,1177.0,1177.0,1.0,0.0,28.4,0.0,0.0,100.0,0.20680000000000004,flowing
somolu_oja_market,Somolu Oja (Market),6.533655999999999,3.376522,General,local,standard,0,0,3,0.5,1,2,market,1,0,2026-03-26T00:24:48.053556+00:00,1,3,0,55.0,55.0,663.0,663.0,1.0,0.0,28.4,0.0,0.0,100.0,0.098,flowing
anthony,Anthony,6.5583349,3.3669222,General,local,interchange,0,1,3,0.5,3,5,mixed,0,0,2026-03-26T00:24:51.305894+00:00,1,3,0,55.0,55.0,663.0,663.0,1.0,0.0,28.4,0.0,0.0,100.0,0.198,flowing
adekunle_bus_stop,Adekunle Bus Stop,6.492854899999999,3.3785775,General,local,standard,0,0,3,0.46,1,2,mixed,0,0,2026-03-26T00:24:53.800623+00:00,1,3,0,49.0,49.0,1263.0,1263.0,0.561305,0.0,28.5,0.0,0.0,100.0,0.029200000000000004,flowing
spencer,Spencer,6.502256,3.377359,General,local,standard,0,0,3,0.5,1,2,mixed,0,0,2026-03-26T00:24:56.375298+00:00,1,3,0,76.0,76.0,918.0,918.0,1.0,0.0,28.5,0.0,0.0,100.0,0.038000000000000006,flowing
st_agnes,St Agnes,6.511242,3.377295,General,local,standard,0,0,3,0.5,1,2,residential,0,0,2026-03-26T00:24:59.009976+00:00,1,3,0,42.0,42.0,1276.0,1276.0,1.0,0.0,28.5,0.0,0.0,100.0,0.038000000000000006,flowing
empire,Empire,6.518226899999999,3.365297,General,local,standard,0,0,3,0.5,1,2,mixed,0,0,2026-03-26T00:25:02.641501+00:00,1,3,0,44.0,44.0,788.0,788.0,1.0,0.0,28.5,0.0,0.0,100.0,0.038000000000000006,flowing
obanikoro_2,Obanikoro,6.546634300000001,3.3669012,General,secondary,interchange,0,1,3,0.57,3,5,mixed,0,0,2026-03-26T00:25:05.416441+00:00,1,3,0,52.0,52.0,1177.0,1177.0,1.0,0.0,28.4,0.0,0.0,100.0,0.21339999999999998,flowing
iwaya_garage,Iwaya Garage,6.505861000000001,3.391235,General,local,standard,0,0,3,0.5,1,2,mixed,0,0,2026-03-26T00:25:08.059919+00:00,1,3,0,76.0,76.0,918.0,918.0,1.0,0.0,28.5,0.0,0.0,100.0,0.038000000000000006,flowing
empire_2,Empire,6.51826,3.36554,General,local,standard,0,0,3,0.5,1,2,mixed,0,0,2026-03-26T00:25:10.695172+00:00,1,3,0,42.0,42.0,1276.0,1276.0,1.0,0.0,28.5,0.0,0.0,100.0,0.038000000000000006,flowing
barracks,Barracks,6.505219,3.363804,General,local,standard,0,0,3,0.5,1,2,mixed,0,0,2026-03-26T00:25:13.377763+00:00,1,3,0,52.0,52.0,1177.0,1177.0,1.0,0.0,28.5,0.0,0.0,100.0,0.038000000000000006,flowing
ap_club,Ap Club,6.499018,3.376046999999999,General,local,standard,0,0,3,0.5,1,2,mixed,0,0,2026-03-26T00:25:15.857502+00:00,1,3,0,49.0,49.0,1263.0,1263.0,0.561305,0.0,28.5,0.0,0.0,100.0,0.038000000000000006,flowing
church_2,Church,6.505691,3.38756,General,local,standard,0,0,3,0.5,1,2,residential,0,0,2026-03-26T00:25:18.427080+00:00,1,3,0,76.0,76.0,918.0,918.0,1.0,0.0,28.5,0.0,0.0,100.0,0.038000000000000006,flowing
cappa,Cappa,6.547649499999999,3.3549165,General,local,standard,0,0,3,0.5,1,2,mixed,0,0,2026-03-26T00:25:22.034648+00:00,1,3,0,44.0,44.0,788.0,788.0,1.0,0.0,28.4,0.0,0.0,100.0,0.038000000000000006,flowing
fadeyi_2,Fadeyi,6.524166,3.367736,General,secondary,interchange,0,1,3,0.54,3,5,mixed,0,0,2026-03-26T00:25:24.631507+00:00,1,3,0,55.0,55.0,663.0,663.0,1.0,0.0,28.4,0.0,0.0,100.0,0.20680000000000004,flowing
atunrase,Atunrase,6.51378,3.35761,General,local,standard,0,0,3,0.5,1,2,mixed,0,0,2026-03-26T00:25:27.236016+00:00,1,3,0,52.0,52.0,1177.0,1177.0,1.0,0.0,28.5,0.0,0.0,100.0,0.038000000000000006,flowing
g_u_o_transport_maza_maza_terminal,G.U.O. Transport - Maza-Maza Terminal,6.459200099999999,3.3019669,General,local,terminal,1,0,4,0.68,3,5,mixed,0,0,2026-03-26T00:25:29.934272+00:00,1,3,0,49.0,49.0,1157.0,1157.0,1.0,0.0,28.5,0.0,0.0,100.0,0.25760000000000005,flowing
onipanu_3,Onipanu,6.533651099999999,3.3672085,General,secondary,interchange,0,1,3,0.56,3,5,mixed,0,0,2026-03-26T00:25:33.674047+00:00,1,3,0,52.0,52.0,1177.0,1177.0,1.0,0.0,28.4,0.0,0.0,100.0,0.21120000000000005,flowing
adesina,Adesina,6.53441,3.384873,General,local,standard,0,0,3,0.5,1,2,mixed,0,0,2026-03-26T00:25:36.589482+00:00,1,3,0,71.0,71.0,325.0,325.0,1.0,0.0,28.5,0.0,0.0,100.0,0.038000000000000006,flowing
bariga,Bariga,6.537239999999999,3.392039999999999,General,local,standard,0,0,3,0.5,1,2,residential,0,0,2026-03-26T00:25:39.253700+00:00,1,3,0,76.0,76.0,918.0,918.0,1.0,0.0,28.5,0.0,0.0,100.0,0.038000000000000006,flowing
onike,Onike,6.509512,3.384132,General,local,standard,0,0,3,0.5,1,2,residential,0,0,2026-03-26T00:25:42.076836+00:00,1,3,0,76.0,76.0,918.0,918.0,1.0,0.0,28.5,0.0,0.0,100.0,0.038000000000000006,flowing
palmgrove,Palmgrove,6.541618,3.3674,General,secondary,interchange,0,1,3,0.55,3,5,mixed,0,0,2026-03-26T00:25:44.833427+00:00,1,3,0,55.0,55.0,663.0,663.0,1.0,0.0,28.4,0.0,0.0,100.0,0.20900000000000002,flowing
oshodi_terminal,Oshodi Terminal,6.557,3.35,General,primary,terminal,1,1,5,0.9,3,5,mixed,0,0,2026-03-26T06:22:46.427607+00:00,7,3,0,69.0,69.0,694.0,694.0,1.0,0.0,27.8,0.0,0.0,74.0,0.626,moderate
mile_2,Mile 2,6.4698,3.3023,General,primary,terminal,1,1,5,0.85,3,5,market,1,0,2026-03-26T06:22:50.179317+00:00,7,3,0,54.0,61.0,1179.0,1044.0,0.875072,0.11475409836065575,27.9,0.0,0.0,74.0,0.7025409836065574,heavy
ikeja_under_bridge,Ikeja Under Bridge,6.5958,3.3403,General,primary,interchange,0,1,4,0.6,3,5,business,0,1,2026-03-26T06:22:52.692058+00:00,7,3,0,12.0,29.0,21.0,9.0,0.94,0.5862068965517242,26.9,0.0,0.0,79.0,0.6606896551724138,moderate
ojota,Ojota,6.5952,3.3831,General,primary,interchange,0,1,4,0.7,3,5,mixed,0,0,2026-03-26T06:22:54.965051+00:00,7,3,0,41.0,41.0,28.0,28.0,1.0,0.0,27.0,0.0,0.0,79.0,0.482,moderate
berger,Berger,6.6349,3.3782,General,primary,interchange,0,1,3,0.55,3,5,mixed,0,0,2026-03-26T06:22:57.321386+00:00,7,3,0,73.0,73.0,1264.0,1264.0,1.0,0.0,27.1,0.0,0.0,79.0,0.449,moderate
cms_marina,CMS Marina,6.4505,3.3958,General,primary,terminal,1,1,2,0.4,3,5,business,0,1,2026-03-26T06:23:00.275512+00:00,7,3,0,59.0,77.0,1183.0,906.0,0.997893,0.23376623376623373,27.9,0.0,0.0,74.0,0.6321038961038962,moderate
johnson_street,Johnson Street,6.54318,3.377831,General,local,standard,0,0,3,0.5,1,2,mixed,0,0,2026-03-26T06:23:02.907173+00:00,7,3,0,71.0,71.0,330.0,330.0,1.0,0.0,27.9,0.0,0.0,74.0,0.278,flowing
abule_oja,Abule Oja,6.517238,3.38274,General,local,standard,0,0,3,0.48,1,2,market,1,0,2026-03-26T06:23:05.308843+00:00,7,3,0,59.0,77.0,1183.0,906.0,0.997893,0.23376623376623373,27.9,0.0,0.0,74.0,0.3897038961038961,flowing
spencer_bus_station,Spencer Bus Station,6.502029100000001,3.377223,General,local,terminal,1,0,3,0.45,3,5,mixed,0,0,2026-03-26T06:23:08.304925+00:00,7,3,0,59.0,77.0,1183.0,906.0,0.997893,0.23376623376623373,27.9,0.0,0.0,74.0,0.503103896103896,moderate
iyana_oworo,Iyana Oworo,6.546217,3.3980625,General,local,interchange,0,1,3,0.52,3,5,mixed,0,0,2026-03-26T06:23:10.949479+00:00,7,3,0,69.0,75.0,1068.0,983.0,1.0,0.07999999999999996,27.9,0.0,0.0,74.0,0.4616,moderate
laide,Laide,6.539657,3.392462999999999,General,local,standard,0,0,3,0.5,1,2,mixed,0,0,2026-03-26T06:23:14.088994+00:00,7,3,0,59.0,77.0,1183.0,906.0,0.997893,0.23376623376623373,27.9,0.0,0.0,74.0,0.3341038961038961,flowing
olorunsogo,Olorunsogo,6.5351119,3.3525065,General,local,standard,0,0,3,0.5,1,2,mixed,0,0,2026-03-26T06:23:16.559657+00:00,7,3,0,31.0,44.0,1118.0,788.0,0.973724,0.2954545454545454,27.8,0.0,0.0,74.0,0.34890909090909095,flowing
bajulaiye,Bajulaiye,6.533379,3.383108,General,local,standard,0,0,3,0.5,1,2,mixed,0,0,2026-03-26T06:23:19.067901+00:00,7,3,0,55.0,55.0,663.0,663.0,1.0,0.0,27.9,0.0,0.0,74.0,0.278,flowing
iyana_church,Iyana Church,6.501030000000001,3.38976,General,local,standard,0,0,3,0.5,1,2,residential,0,0,2026-03-26T06:23:21.739271+00:00,7,3,0,59.0,77.0,1183.0,906.0,0.996526,0.23376623376623373,27.9,0.0,0.0,74.0,0.3341038961038961,flowing
lawal,Lawal,6.514756999999999,3.35599,General,local,standard,0,0,3,0.5,1,2,mixed,0,0,2026-03-26T06:23:24.172441+00:00,7,3,0,52.0,52.0,1177.0,1177.0,1.0,0.0,27.9,0.0,0.0,74.0,0.278,flowing
st_timothy,St Timothy,6.507482,3.387555,General,local,standard,0,0,3,0.5,1,2,mixed,0,0,2026-03-26T06:23:26.585835+00:00,7,3,0,59.0,77.0,1183.0,906.0,0.996526,0.23376623376623373,27.9,0.0,0.0,74.0,0.3341038961038961,flowing
lady_lak,Lady Lak,6.539136999999999,3.384637,General,local,standard,0,0,3,0.5,1,2,mixed,0,0,2026-03-26T06:23:29.382149+00:00,7,3,0,59.0,77.0,1183.0,906.0,0.996526,0.23376623376623373,27.9,0.0,0.0,74.0,0.3341038961038961,flowing
alausa,Alausa,6.6174604,3.3594836,General,local,interchange,0,1,3,0.52,3,5,business,0,1,2026-03-26T06:23:31.770591+00:00,7,3,0,29.0,40.0,471.0,341.0,0.984937,0.275,26.9,0.0,0.0,79.0,0.5684,moderate
gbagada,Gbagada,6.548821,3.388359,General,secondary,interchange,0,1,3,0.58,3,5,mixed,0,0,2026-03-26T06:23:34.033676+00:00,7,3,0,71.0,71.0,330.0,330.0,1.0,0.0,27.9,0.0,0.0,74.0,0.4556,moderate
unilag_gate_university_road,Unilag Gate (University Road),6.517602999999999,3.384831999999999,General,local,standard,0,0,3,0.5,1,2,education,0,0,2026-03-26T06:23:36.329185+00:00,7,3,0,31.0,44.0,1118.0,788.0,0.973724,0.2954545454545454,27.9,0.0,0.0,74.0,0.34890909090909095,flowing
chemist_bus_stop,Chemist Bus Stop,6.529058999999998,3.3804765,General,local,standard,0,0,3,0.5,1,2,mixed,0,0,2026-03-26T06:23:38.644012+00:00,7,3,0,55.0,55.0,663.0,663.0,1.0,0.0,27.9,0.0,0.0,74.0,0.278,flowing
waec_bus_station,WAEC Bus Station,6.517698800000001,3.371279200000001,General,local,terminal,1,0,3,0.5,3,5,mixed,0,0,2026-03-26T06:23:41.181013+00:00,7,3,0,31.0,44.0,1118.0,788.0,0.973724,0.2954545454545454,27.8,0.0,0.0,74.0,0.5289090909090909,moderate
abule_oja_2,Abule Oja,6.51703,3.381541,General,local,standard,0,0,3,0.48,1,2,market,1,0,2026-03-26T06:23:43.522360+00:00,7,3,0,60.0,77.0,1163.0,906.0,0.997675,0.22077922077922074,27.9,0.0,0.0,74.0,0.3865870129870129,flowing
new_hall,New Hall,6.519029,3.392297,General,local,standard,0,0,3,0.5,1,2,education,0,0,2026-03-26T06:23:45.701674+00:00,7,3,0,60.0,77.0,1163.0,906.0,0.997675,0.22077922077922074,27.9,0.0,0.0,74.0,0.33098701298701294,flowing
iju_train_station,Iju Train Station,6.6610851,3.3200146,General,local,terminal,1,0,3,0.52,3,5,mixed,0,0,2026-03-26T06:23:47.930101+00:00,7,3,0,37.0,50.0,1930.0,1428.0,0.991344,0.26,26.8,0.0,0.0,79.0,0.5248,moderate
okesuna,Okesuna,6.533609999999999,3.379921,General,local,standard,0,0,3,0.5,1,2,mixed,0,0,2026-03-26T06:23:50.398437+00:00,7,3,0,55.0,55.0,663.0,663.0,1.0,0.0,27.8,0.0,0.0,74.0,0.278,flowing
yabatech_main_gate,Yabatech Main Gate,6.519164,3.371761,General,secondary,standard,0,0,3,0.5,1,2,education,0,0,2026-03-26T06:23:52.958634+00:00,7,3,0,60.0,77.0,1163.0,906.0,0.997675,0.22077922077922074,27.8,0.0,0.0,74.0,0.33098701298701294,flowing
abidoun,Abidoun,6.499777,3.388271,General,local,standard,0,0,3,0.5,1,2,mixed,0,0,2026-03-26T06:23:55.387082+00:00,7,3,0,60.0,77.0,1163.0,906.0,0.997675,0.22077922077922074,27.9,0.0,0.0,74.0,0.33098701298701294,flowing
mushin,Mushin,6.529851699999998,3.353364999999999,General,local,interchange,0,1,4,0.6,3,5,market,1,0,2026-03-26T06:23:57.685134+00:00,7,3,0,31.0,44.0,1118.0,788.0,0.974814,0.2954545454545454,27.8,0.0,0.0,74.0,0.5909090909090908,moderate
olosha_bus_stop,Olosha Bus Stop,6.526432,3.358003,General,local,standard,0,0,3,0.5,1,2,mixed,0,0,2026-03-26T06:24:00.250928+00:00,7,3,0,42.0,42.0,1276.0,1276.0,1.0,0.0,27.8,0.0,0.0,74.0,0.278,flowing
jibowu_bus_stop,Jibowu Bus Stop,6.519979999999999,3.367309,General,local,interchange,0,1,3,0.56,3,5,mixed,0,0,2026-03-26T06:24:03.049681+00:00,7,3,0,52.0,52.0,1177.0,1177.0,1.0,0.0,27.8,0.0,0.0,74.0,0.45120000000000005,moderate
ayilara,Ayilara,6.510533000000001,3.36117,General,local,standard,0,0,3,0.5,1,2,mixed,0,0,2026-03-26T06:24:05.346880+00:00,7,3,0,52.0,52.0,1177.0,1177.0,1.0,0.0,27.9,0.0,0.0,74.0,0.278,flowing
alagomeji,Alagomeji,6.499767,3.378309,General,local,standard,0,0,3,0.5,1,2,mixed,0,0,2026-03-26T06:24:07.892571+00:00,7,3,0,60.0,77.0,1163.0,906.0,0.997675,0.22077922077922074,27.9,0.0,0.0,74.0,0.33098701298701294,flowing
alagomeji_bus_station,Alagomeji Bus Station,6.4997771,3.3781725,General,local,terminal,1,0,3,0.5,3,5,mixed,0,0,2026-03-26T06:24:10.110329+00:00,7,3,0,61.0,77.0,1144.0,906.0,0.997181,0.20779220779220775,27.9,0.0,0.0,74.0,0.5078701298701298,moderate
onipanu,Onipanu,6.532926000000001,3.367368,General,secondary,interchange,0,1,3,0.56,3,5,mixed,0,0,2026-03-26T06:24:12.342304+00:00,7,3,0,55.0,55.0,663.0,663.0,1.0,0.0,27.8,0.0,0.0,74.0,0.45120000000000005,moderate
onipanu_2,Onipanu,6.532806000000001,3.3671,General,secondary,interchange,0,1,3,0.56,3,5,mixed,0,0,2026-03-26T06:24:15.248163+00:00,7,3,0,52.0,52.0,1177.0,1177.0,1.0,0.0,27.8,0.0,0.0,74.0,0.45120000000000005,moderate
palmgrove_bariga,Palmgrove Bariga,6.541820999999999,3.368328,General,secondary,interchange,0,1,3,0.55,3,5,residential,0,0,2026-03-26T06:24:17.771675+00:00,7,3,0,55.0,55.0,663.0,663.0,1.0,0.0,27.8,0.0,0.0,74.0,0.449,moderate
igbobi,Igbobi,6.530229,3.367605,General,local,standard,0,0,3,0.5,1,2,mixed,0,0,2026-03-26T06:24:20.231348+00:00,7,3,0,55.0,55.0,663.0,663.0,1.0,0.0,27.8,0.0,0.0,74.0,0.278,flowing
charly_boy_bus_stop,Charly Boy Bus Stop,6.548371899999999,3.3787432,General,local,interchange,0,1,3,0.5,3,5,mixed,0,0,2026-03-26T06:24:22.667769+00:00,7,3,0,71.0,71.0,330.0,330.0,1.0,0.0,27.9,0.0,0.0,74.0,0.438,moderate
unilag_shuttle_bariga,Unilag Shuttle Bariga,6.534617999999999,3.391877999999999,General,local,standard,0,0,3,0.5,1,2,education,0,0,2026-03-26T06:24:25.202783+00:00,7,3,0,61.0,77.0,1144.0,906.0,0.997181,0.20779220779220775,27.9,0.0,0.0,74.0,0.32787012987012987,flowing
idi_araba,Idi Araba,6.516742,3.354085,General,local,standard,0,0,3,0.5,1,2,mixed,0,0,2026-03-26T06:24:27.332458+00:00,7,3,0,32.0,44.0,1083.0,788.0,0.974814,0.2727272727272727,27.9,0.0,0.0,74.0,0.34345454545454546,flowing
underbridge_mosalashi,Underbridge (Mosalashi),6.517128,3.368726,General,local,standard,0,0,3,0.5,1,2,mixed,0,0,2026-03-26T06:24:29.743748+00:00,7,3,0,55.0,55.0,663.0,663.0,1.0,0.0,27.9,0.0,0.0,74.0,0.278,flowing
yaba_station,Yaba Station,6.510681999999999,3.370865999999999,General,secondary,interchange,0,1,4,0.65,3,5,mixed,0,0,2026-03-26T06:24:32.106890+00:00,7,3,0,47.0,48.0,1316.0,1289.0,0.884862,0.02083333333333337,27.9,0.0,0.0,74.0,0.47600000000000003,moderate
ojuelegba,Ojuelegba,6.511566999999999,3.363344999999999,General,primary,interchange,0,1,4,0.62,3,5,mixed,0,0,2026-03-26T06:24:34.334640+00:00,7,3,0,52.0,52.0,1177.0,1177.0,1.0,0.0,27.9,0.0,0.0,74.0,0.4644,moderate
muritala,Muritala,6.543013999999999,3.393567999999999,General,local,standard,0,0,3,0.5,1,2,mixed,0,0,2026-03-26T06:24:36.666173+00:00,7,3,0,61.0,77.0,1144.0,906.0,0.997181,0.20779220779220775,27.9,0.0,0.0,74.0,0.32787012987012987,flowing
nsik_motors_limited_aktc_ojuelegba,"Nsik Motors Limited (Aktc), Ojuelegba",6.510032000000001,3.3623336,General,primary,standard,0,0,3,0.5,1,2,mixed,0,0,2026-03-26T06:24:38.910066+00:00,7,3,0,52.0,52.0,1177.0,1177.0,1.0,0.0,27.9,0.0,0.0,74.0,0.278,flowing
church,Church,6.530596999999999,3.378789,General,local,standard,0,0,3,0.5,1,2,residential,0,0,2026-03-26T06:24:41.280950+00:00,7,3,0,55.0,55.0,663.0,663.0,1.0,0.0,27.8,0.0,0.0,74.0,0.278,flowing
unilag_gate_akoka_road,Unilag Gate (Akoka Road),6.517867000000001,3.384795,General,local,standard,0,0,3,0.5,1,2,education,0,0,2026-03-26T06:24:43.637439+00:00,7,3,0,32.0,44.0,1083.0,788.0,0.974814,0.2727272727272727,27.9,0.0,0.0,74.0,0.34345454545454546,flowing
obanikoro,Obanikoro,6.546717999999998,3.367314,General,secondary,interchange,0,1,3,0.57,3,5,mixed,0,0,2026-03-26T06:24:45.812573+00:00,7,3,0,55.0,55.0,663.0,663.0,1.0,0.0,27.8,0.0,0.0,74.0,0.45339999999999997,moderate
sungas,Sungas,6.535856999999999,3.38897,General,local,standard,0,0,3,0.5,1,2,mixed,0,0,2026-03-26T06:24:48.248904+00:00,7,3,0,60.0,77.0,1163.0,906.0,0.997428,0.22077922077922074,27.9,0.0,0.0,74.0,0.33098701298701294,flowing
ojuelegba_bus_station,Ojuelegba Bus Station,6.510317,3.3626533,General,primary,terminal,1,1,4,0.62,3,5,mixed,0,0,2026-03-26T06:24:51.337578+00:00,7,3,0,52.0,52.0,1177.0,1177.0,1.0,0.0,27.9,0.0,0.0,74.0,0.5644,moderate
mfm_gate,Mfm Gate,6.509885,3.385634,General,local,standard,0,0,3,0.5,1,2,mixed,0,0,2026-03-26T06:24:53.521931+00:00,7,3,0,69.0,75.0,1068.0,983.0,1.0,0.07999999999999996,27.9,0.0,0.0,74.0,0.2972,flowing
alade_bus_stop,Alade Bus Stop,6.6019546,3.3538821,General,local,standard,0,0,3,0.5,1,2,mixed,0,0,2026-03-26T06:24:55.765144+00:00,7,3,0,26.0,38.0,517.0,353.0,0.984266,0.3157894736842105,26.9,0.0,0.0,79.0,0.35378947368421054,flowing
ibidun,Ibidun,6.51072,3.360529999999999,General,local,standard,0,0,3,0.5,1,2,mixed,0,0,2026-03-26T06:24:57.965854+00:00,7,3,0,52.0,52.0,1177.0,1177.0,1.0,0.0,27.9,0.0,0.0,74.0,0.278,flowing
st_finbarrs,St Finbarrs,6.522098,3.385506,General,local,standard,0,0,3,0.5,1,2,mixed,0,0,2026-03-26T06:25:00.352445+00:00,7,3,0,55.0,55.0,663.0,663.0,1.0,0.0,27.9,0.0,0.0,74.0,0.278,flowing
unilag,Unilag,6.517568199999999,3.3855674,General,local,standard,0,0,3,0.5,1,2,education,0,0,2026-03-26T06:25:03.697006+00:00,7,3,0,60.0,77.0,1163.0,906.0,0.997428,0.22077922077922074,27.9,0.0,0.0,74.0,0.33098701298701294,flowing
gbagada_2,Gbagada,6.5491486,3.3881944,General,secondary,interchange,0,1,3,0.58,3,5,mixed,0,0,2026-03-26T06:25:06.310009+00:00,7,3,0,71.0,71.0,325.0,325.0,1.0,0.0,27.9,0.0,0.0,74.0,0.4556,moderate
fadeyi_bus_stop,Fadeyi Bus Stop,6.522983799999999,3.3678074,General,secondary,interchange,0,1,3,0.54,3,5,mixed,0,0,2026-03-26T06:25:08.662500+00:00,7,3,0,55.0,55.0,663.0,663.0,1.0,0.0,27.8,0.0,0.0,74.0,0.44680000000000003,moderate
ojuelegba_2,Ojuelegba,6.510960600000001,3.362959,General,primary,interchange,0,1,4,0.62,3,5,mixed,0,0,2026-03-26T06:25:11.138209+00:00,7,3,0,52.0,52.0,1177.0,1177.0,1.0,0.0,27.9,0.0,0.0,74.0,0.4644,moderate
sport_centre,Sport Centre,6.517343999999999,3.387760999999999,General,local,standard,0,0,3,0.5,1,2,education,0,0,2026-03-26T06:25:13.932992+00:00,7,3,0,61.0,77.0,1144.0,906.0,0.997428,0.20779220779220775,27.9,0.0,0.0,74.0,0.32787012987012987,flowing
temple,Temple,6.540592,3.392753,General,local,standard,0,0,3,0.5,1,2,mixed,0,0,2026-03-26T06:25:16.477255+00:00,7,3,0,61.0,77.0,1144.0,906.0,0.997428,0.20779220779220775,27.9,0.0,0.0,74.0,0.32787012987012987,flowing
fadeyi,Fadeyi,6.523944999999999,3.367264,General,secondary,interchange,0,1,3,0.54,3,5,mixed,0,0,2026-03-26T06:25:18.928437+00:00,7,3,0,52.0,52.0,1177.0,1177.0,1.0,0.0,27.8,0.0,0.0,74.0,0.44680000000000003,moderate
somolu_oja_market,Somolu Oja (Market),6.533655999999999,3.376522,General,local,standard,0,0,3,0.5,1,2,market,1,0,2026-03-26T06:25:21.416394+00:00,7,3,0,55.0,55.0,663.0,663.0,1.0,0.0,27.8,0.0,0.0,74.0,0.33799999999999997,flowing
anthony,Anthony,6.5583349,3.3669222,General,local,interchange,0,1,3,0.5,3,5,mixed,0,0,2026-03-26T06:25:25.882394+00:00,7,3,0,55.0,55.0,663.0,663.0,1.0,0.0,27.8,0.0,0.0,74.0,0.438,moderate
adekunle_bus_stop,Adekunle Bus Stop,6.492854899999999,3.3785775,General,local,standard,0,0,3,0.46,1,2,mixed,0,0,2026-03-26T06:25:29.038402+00:00,7,3,0,47.0,48.0,1316.0,1289.0,0.884862,0.02083333333333337,27.9,0.0,0.0,74.0,0.2742,flowing
spencer,Spencer,6.502256,3.377359,General,local,standard,0,0,3,0.5,1,2,mixed,0,0,2026-03-26T06:25:31.318294+00:00,7,3,0,61.0,77.0,1144.0,906.0,0.997428,0.20779220779220775,27.9,0.0,0.0,74.0,0.32787012987012987,flowing
st_agnes,St Agnes,6.511242,3.377295,General,local,standard,0,0,3,0.5,1,2,residential,0,0,2026-03-26T06:25:33.855226+00:00,7,3,0,42.0,42.0,1276.0,1276.0,1.0,0.0,27.9,0.0,0.0,74.0,0.278,flowing
empire,Empire,6.518226899999999,3.365297,General,local,standard,0,0,3,0.5,1,2,mixed,0,0,2026-03-26T06:25:36.485179+00:00,7,3,0,32.0,44.0,1083.0,788.0,0.976494,0.2727272727272727,27.9,0.0,0.0,74.0,0.34345454545454546,flowing
obanikoro_2,Obanikoro,6.546634300000001,3.3669012,General,secondary,interchange,0,1,3,0.57,3,5,mixed,0,0,2026-03-26T06:25:38.770811+00:00,7,3,0,52.0,52.0,1177.0,1177.0,1.0,0.0,27.8,0.0,0.0,74.0,0.45339999999999997,moderate
iwaya_garage,Iwaya Garage,6.505861000000001,3.391235,General,local,standard,0,0,3,0.5,1,2,mixed,0,0,2026-03-26T06:25:41.025908+00:00,7,3,0,61.0,77.0,1144.0,906.0,0.997428,0.20779220779220775,27.9,0.0,0.0,74.0,0.32787012987012987,flowing
empire_2,Empire,6.51826,3.36554,General,local,standard,0,0,3,0.5,1,2,mixed,0,0,2026-03-26T06:25:43.582362+00:00,7,3,0,42.0,42.0,1276.0,1276.0,1.0,0.0,27.9,0.0,0.0,74.0,0.278,flowing
barracks,Barracks,6.505219,3.363804,General,local,standard,0,0,3,0.5,1,2,mixed,0,0,2026-03-26T06:25:45.821266+00:00,7,3,0,52.0,52.0,1177.0,1177.0,1.0,0.0,27.9,0.0,0.0,74.0,0.278,flowing
ap_club,Ap Club,6.499018,3.376046999999999,General,local,standard,0,0,3,0.5,1,2,mixed,0,0,2026-03-26T06:25:48.350366+00:00,7,3,0,47.0,48.0,1316.0,1289.0,0.884862,0.02083333333333337,27.9,0.0,0.0,74.0,0.28300000000000003,flowing
church_2,Church,6.505691,3.38756,General,local,standard,0,0,3,0.5,1,2,residential,0,0,2026-03-26T06:25:51.311359+00:00,7,3,0,62.0,77.0,1126.0,906.0,0.99721,0.19480519480519476,27.9,0.0,0.0,74.0,0.3247532467532468,flowing
cappa,Cappa,6.547649499999999,3.3549165,General,local,standard,0,0,3,0.5,1,2,mixed,0,0,2026-03-26T06:25:53.665225+00:00,7,3,0,32.0,44.0,1083.0,788.0,0.976494,0.2727272727272727,27.8,0.0,0.0,74.0,0.34345454545454546,flowing
fadeyi_2,Fadeyi,6.524166,3.367736,General,secondary,interchange,0,1,3,0.54,3,5,mixed,0,0,2026-03-26T06:25:55.975272+00:00,7,3,0,55.0,55.0,663.0,663.0,1.0,0.0,27.8,0.0,0.0,74.0,0.44680000000000003,moderate
atunrase,Atunrase,6.51378,3.35761,General,local,standard,0,0,3,0.5,1,2,mixed,0,0,2026-03-26T06:25:58.629077+00:00,7,3,0,52.0,52.0,1177.0,1177.0,1.0,0.0,27.9,0.0,0.0,74.0,0.278,flowing
g_u_o_transport_maza_maza_terminal,G.U.O. Transport - Maza-Maza Terminal,6.459200099999999,3.3019669,General,local,terminal,1,0,4,0.68,3,5,mixed,0,0,2026-03-26T06:26:02.095770+00:00,7,3,0,40.0,50.0,1417.0,1133.0,0.940694,0.19999999999999996,27.9,0.0,0.0,74.0,0.5456,moderate
onipanu_3,Onipanu,6.533651099999999,3.3672085,General,secondary,interchange,0,1,3,0.56,3,5,mixed,0,0,2026-03-26T06:26:04.527760+00:00,7,3,0,52.0,52.0,1177.0,1177.0,1.0,0.0,27.8,0.0,0.0,74.0,0.45120000000000005,moderate
adesina,Adesina,6.53441,3.384873,General,local,standard,0,0,3,0.5,1,2,mixed,0,0,2026-03-26T06:26:07.707770+00:00,7,3,0,71.0,71.0,325.0,325.0,1.0,0.0,27.9,0.0,0.0,74.0,0.278,flowing
bariga,Bariga,6.537239999999999,3.392039999999999,General,local,standard,0,0,3,0.5,1,2,residential,0,0,2026-03-26T06:26:10.700182+00:00,7,3,0,62.0,77.0,1126.0,906.0,0.99721,0.19480519480519476,27.9,0.0,0.0,74.0,0.3247532467532468,flowing
onike,Onike,6.509512,3.384132,General,local,standard,0,0,3,0.5,1,2,residential,0,0,2026-03-26T06:26:13.639424+00:00,7,3,0,62.0,77.0,1126.0,906.0,0.99721,0.19480519480519476,27.9,0.0,0.0,74.0,0.3247532467532468,flowing
palmgrove,Palmgrove,6.541618,3.3674,General,secondary,interchange,0,1,3,0.55,3,5,mixed,0,0,2026-03-26T06:26:16.186898+00:00,7,3,0,55.0,55.0,663.0,663.0,1.0,0.0,27.8,0.0,0.0,74.0,0.449,moderate
oshodi_terminal,Oshodi Terminal,6.557,3.35,General,primary,terminal,1,1,5,0.9,3,5,mixed,0,0,2026-03-26T09:09:11.547438+00:00,10,3,0,58.0,67.0,825.0,714.0,0.995494,0.13432835820895528,31.1,0.0,0.0,65.0,0.5382388059701493,moderate
mile_2,Mile 2,6.4698,3.3023,General,primary,terminal,1,1,5,0.85,3,5,market,1,0,2026-03-26T09:09:15.284282+00:00,10,3,0,51.0,61.0,1248.0,1044.0,0.962172,0.16393442622950816,31.3,0.0,0.0,65.0,0.5943442622950819,moderate
ikeja_under_bridge,Ikeja Under Bridge,6.5958,3.3403,General,primary,interchange,0,1,4,0.6,3,5,business,0,1,2026-03-26T09:09:18.792398+00:00,10,3,0,16.0,31.0,16.0,8.0,0.99,0.4838709677419355,31.0,0.0,0.0,72.0,0.5161290322580645,moderate
ojota,Ojota,6.5952,3.3831,General,primary,interchange,0,1,4,0.7,3,5,mixed,0,0,2026-03-26T09:09:22.366498+00:00,10,3,0,41.0,41.0,28.0,28.0,1.0,0.0,31.1,0.0,0.0,72.0,0.362,flowing
berger,Berger,6.6349,3.3782,General,primary,interchange,0,1,3,0.55,3,5,mixed,0,0,2026-03-26T09:09:25.972262+00:00,10,3,0,73.0,73.0,1264.0,1264.0,1.0,0.0,31.2,0.0,0.0,72.0,0.329,flowing
cms_marina,CMS Marina,6.4505,3.3958,General,primary,terminal,1,1,2,0.4,3,5,business,0,1,2026-03-26T09:09:29.204497+00:00,10,3,0,67.0,74.0,1042.0,943.0,0.980049,0.09459459459459463,31.2,0.0,0.0,65.0,0.4787027027027027,moderate
johnson_street,Johnson Street,6.54318,3.377831,General,local,standard,0,0,3,0.5,1,2,mixed,0,0,2026-03-26T09:09:32.394835+00:00,10,3,0,59.0,70.0,397.0,334.0,1.0,0.15714285714285714,31.2,0.0,0.0,65.0,0.1957142857142857,flowing
abule_oja,Abule Oja,6.517238,3.38274,General,local,standard,0,0,3,0.48,1,2,market,1,0,2026-03-26T09:09:35.893987+00:00,10,3,0,67.0,74.0,1042.0,943.0,0.980049,0.09459459459459463,31.2,0.0,0.0,65.0,0.23630270270270273,flowing
spencer_bus_station,Spencer Bus Station,6.502029100000001,3.377223,General,local,terminal,1,0,3,0.45,3,5,mixed,0,0,2026-03-26T09:09:39.289215+00:00,10,3,0,67.0,74.0,1042.0,943.0,0.980049,0.09459459459459463,31.2,0.0,0.0,65.0,0.3497027027027027,flowing
iyana_oworo,Iyana Oworo,6.546217,3.3980625,General,local,interchange,0,1,3,0.52,3,5,mixed,0,0,2026-03-26T09:09:42.228205+00:00,10,3,0,74.0,74.0,996.0,996.0,1.0,0.0,31.3,0.0,0.0,65.0,0.3224,flowing
laide,Laide,6.539657,3.392462999999999,General,local,standard,0,0,3,0.5,1,2,mixed,0,0,2026-03-26T09:09:45.533453+00:00,10,3,0,67.0,74.0,1042.0,943.0,0.980049,0.09459459459459463,31.2,0.0,0.0,65.0,0.1807027027027027,flowing
olorunsogo,Olorunsogo,6.5351119,3.3525065,General,local,standard,0,0,3,0.5,1,2,mixed,0,0,2026-03-26T09:09:48.501854+00:00,10,3,0,32.0,44.0,1083.0,788.0,0.98818,0.2727272727272727,31.1,0.0,0.0,65.0,0.22345454545454543,flowing
bajulaiye,Bajulaiye,6.533379,3.383108,General,local,standard,0,0,3,0.5,1,2,mixed,0,0,2026-03-26T09:09:51.049841+00:00,10,3,0,55.0,55.0,663.0,663.0,1.0,0.0,31.2,0.0,0.0,65.0,0.158,flowing
iyana_church,Iyana Church,6.501030000000001,3.38976,General,local,standard,0,0,3,0.5,1,2,residential,0,0,2026-03-26T09:09:53.575370+00:00,10,3,0,65.0,74.0,1074.0,943.0,0.980049,0.1216216216216216,31.3,0.0,0.0,65.0,0.18718918918918917,flowing
lawal,Lawal,6.514756999999999,3.35599,General,local,standard,0,0,3,0.5,1,2,mixed,0,0,2026-03-26T09:09:56.311141+00:00,10,3,0,52.0,52.0,1177.0,1177.0,1.0,0.0,31.2,0.0,0.0,65.0,0.158,flowing
st_timothy,St Timothy,6.507482,3.387555,General,local,standard,0,0,3,0.5,1,2,mixed,0,0,2026-03-26T09:09:59.869591+00:00,10,3,0,65.0,74.0,1074.0,943.0,0.980049,0.1216216216216216,31.2,0.0,0.0,65.0,0.18718918918918917,flowing
lady_lak,Lady Lak,6.539136999999999,3.384637,General,local,standard,0,0,3,0.5,1,2,mixed,0,0,2026-03-26T09:10:05.092168+00:00,10,3,0,65.0,74.0,1074.0,943.0,0.980049,0.1216216216216216,27.0,0.0,0.0,50.0,0.18718918918918917,flowing
alausa,Alausa,6.6174604,3.3594836,General,local,interchange,0,1,3,0.52,3,5,business,0,1,2026-03-26T09:10:07.547229+00:00,10,3,0,22.0,41.0,621.0,333.0,1.0,0.46341463414634143,27.0,0.0,0.0,50.0,0.49361951219512196,moderate
gbagada,Gbagada,6.548821,3.388359,General,secondary,interchange,0,1,3,0.58,3,5,mixed,0,0,2026-03-26T09:10:09.952863+00:00,10,3,0,59.0,70.0,397.0,334.0,1.0,0.15714285714285714,31.2,0.0,0.0,65.0,0.3733142857142857,flowing
unilag_gate_university_road,Unilag Gate (University Road),6.517602999999999,3.384831999999999,General,local,standard,0,0,3,0.5,1,2,education,0,0,2026-03-26T09:10:13.389843+00:00,10,3,0,32.0,44.0,1083.0,788.0,0.98818,0.2727272727272727,31.2,0.0,0.0,65.0,0.22345454545454543,flowing
chemist_bus_stop,Chemist Bus Stop,6.529058999999998,3.3804765,General,local,standard,0,0,3,0.5,1,2,mixed,0,0,2026-03-26T09:10:16.976016+00:00,10,3,0,55.0,55.0,663.0,663.0,1.0,0.0,31.2,0.0,0.0,65.0,0.158,flowing
waec_bus_station,WAEC Bus Station,6.517698800000001,3.371279200000001,General,local,terminal,1,0,3,0.5,3,5,mixed,0,0,2026-03-26T09:10:19.836415+00:00,10,3,0,31.0,44.0,1118.0,788.0,0.987258,0.2954545454545454,31.2,0.0,0.0,65.0,0.4089090909090909,moderate
abule_oja_2,Abule Oja,6.51703,3.381541,General,local,standard,0,0,3,0.48,1,2,market,1,0,2026-03-26T09:10:22.757038+00:00,10,3,0,65.0,75.0,1074.0,931.0,0.980049,0.1333333333333333,31.2,0.0,0.0,65.0,0.2456,flowing
new_hall,New Hall,6.519029,3.392297,General,local,standard,0,0,3,0.5,1,2,education,0,0,2026-03-26T09:10:25.378029+00:00,10,3,0,65.0,75.0,1074.0,931.0,0.980049,0.1333333333333333,31.2,0.0,0.0,65.0,0.18999999999999997,flowing
iju_train_station,Iju Train Station,6.6610851,3.3200146,General,local,terminal,1,0,3,0.52,3,5,mixed,0,0,2026-03-26T09:10:28.127732+00:00,10,3,0,41.0,50.0,1742.0,1428.0,0.99403,0.18000000000000005,31.0,0.0,0.0,72.0,0.38560000000000005,flowing
okesuna,Okesuna,6.533609999999999,3.379921,General,local,standard,0,0,3,0.5,1,2,mixed,0,0,2026-03-26T09:10:31.171112+00:00,10,3,0,55.0,55.0,663.0,663.0,1.0,0.0,31.2,0.0,0.0,65.0,0.158,flowing
yabatech_main_gate,Yabatech Main Gate,6.519164,3.371761,General,secondary,standard,0,0,3,0.5,1,2,education,0,0,2026-03-26T09:10:34.172914+00:00,10,3,0,65.0,75.0,1074.0,931.0,0.980049,0.1333333333333333,31.2,0.0,0.0,65.0,0.18999999999999997,flowing
abidoun,Abidoun,6.499777,3.388271,General,local,standard,0,0,3,0.5,1,2,mixed,0,0,2026-03-26T09:10:36.834503+00:00,10,3,0,65.0,75.0,1074.0,931.0,0.980049,0.1333333333333333,31.3,0.0,0.0,65.0,0.18999999999999997,flowing
mushin,Mushin,6.529851699999998,3.353364999999999,General,local,interchange,0,1,4,0.6,3,5,market,1,0,2026-03-26T09:10:39.524439+00:00,10,3,0,31.0,44.0,1118.0,788.0,0.987258,0.2954545454545454,31.1,0.0,0.0,65.0,0.4709090909090909,moderate
olosha_bus_stop,Olosha Bus Stop,6.526432,3.358003,General,local,standard,0,0,3,0.5,1,2,mixed,0,0,2026-03-26T09:10:43.012789+00:00,10,3,0,42.0,42.0,1276.0,1276.0,1.0,0.0,31.2,0.0,0.0,65.0,0.158,flowing
jibowu_bus_stop,Jibowu Bus Stop,6.519979999999999,3.367309,General,local,interchange,0,1,3,0.56,3,5,mixed,0,0,2026-03-26T09:10:46.152966+00:00,10,3,0,52.0,52.0,1177.0,1177.0,1.0,0.0,31.2,0.0,0.0,65.0,0.33120000000000005,flowing
ayilara,Ayilara,6.510533000000001,3.36117,General,local,standard,0,0,3,0.5,1,2,mixed,0,0,2026-03-26T09:10:49.225698+00:00,10,3,0,52.0,52.0,1177.0,1177.0,1.0,0.0,31.2,0.0,0.0,65.0,0.158,flowing
alagomeji,Alagomeji,6.499767,3.378309,General,local,standard,0,0,3,0.5,1,2,mixed,0,0,2026-03-26T09:10:51.784153+00:00,10,3,0,66.0,75.0,1058.0,931.0,0.980049,0.12,31.2,0.0,0.0,65.0,0.1868,flowing
alagomeji_bus_station,Alagomeji Bus Station,6.4997771,3.3781725,General,local,terminal,1,0,3,0.5,3,5,mixed,0,0,2026-03-26T09:10:54.857058+00:00,10,3,0,66.0,75.0,1058.0,931.0,0.980049,0.12,31.2,0.0,0.0,65.0,0.3668,flowing
onipanu,Onipanu,6.532926000000001,3.367368,General,secondary,interchange,0,1,3,0.56,3,5,mixed,0,0,2026-03-26T09:10:58.040644+00:00,10,3,0,55.0,55.0,663.0,663.0,1.0,0.0,31.1,0.0,0.0,65.0,0.33120000000000005,flowing
onipanu_2,Onipanu,6.532806000000001,3.3671,General,secondary,interchange,0,1,3,0.56,3,5,mixed,0,0,2026-03-26T09:11:01.058605+00:00,10,3,0,52.0,52.0,1177.0,1177.0,1.0,0.0,31.1,0.0,0.0,65.0,0.33120000000000005,flowing
palmgrove_bariga,Palmgrove Bariga,6.541820999999999,3.368328,General,secondary,interchange,0,1,3,0.55,3,5,residential,0,0,2026-03-26T09:11:03.864682+00:00,10,3,0,55.0,55.0,663.0,663.0,1.0,0.0,31.2,0.0,0.0,65.0,0.329,flowing
igbobi,Igbobi,6.530229,3.367605,General,local,standard,0,0,3,0.5,1,2,mixed,0,0,2026-03-26T09:11:06.632973+00:00,10,3,0,55.0,55.0,663.0,663.0,1.0,0.0,31.1,0.0,0.0,65.0,0.158,flowing
charly_boy_bus_stop,Charly Boy Bus Stop,6.548371899999999,3.3787432,General,local,interchange,0,1,3,0.5,3,5,mixed,0,0,2026-03-26T09:11:09.499260+00:00,10,3,0,71.0,71.0,330.0,330.0,1.0,0.0,31.2,0.0,0.0,65.0,0.318,flowing
unilag_shuttle_bariga,Unilag Shuttle Bariga,6.534617999999999,3.391877999999999,General,local,standard,0,0,3,0.5,1,2,education,0,0,2026-03-26T09:11:12.315359+00:00,10,3,0,67.0,74.0,1042.0,943.0,0.980049,0.09459459459459463,31.2,0.0,0.0,65.0,0.1807027027027027,flowing
idi_araba,Idi Araba,6.516742,3.354085,General,local,standard,0,0,3,0.5,1,2,mixed,0,0,2026-03-26T09:11:14.982198+00:00,10,3,0,33.0,44.0,1051.0,788.0,0.986094,0.25,31.2,0.0,0.0,65.0,0.218,flowing
underbridge_mosalashi,Underbridge (Mosalashi),6.517128,3.368726,General,local,standard,0,0,3,0.5,1,2,mixed,0,0,2026-03-26T09:11:17.867121+00:00,10,3,0,55.0,55.0,663.0,663.0,1.0,0.0,31.2,0.0,0.0,65.0,0.158,flowing
yaba_station,Yaba Station,6.510681999999999,3.370865999999999,General,secondary,interchange,0,1,4,0.65,3,5,mixed,0,0,2026-03-26T09:11:20.607472+00:00,10,3,0,47.0,49.0,1316.0,1263.0,0.931806,0.04081632653061229,31.2,0.0,0.0,65.0,0.360795918367347,flowing
ojuelegba,Ojuelegba,6.511566999999999,3.363344999999999,General,primary,interchange,0,1,4,0.62,3,5,mixed,0,0,2026-03-26T09:11:24.345175+00:00,10,3,0,52.0,52.0,1177.0,1177.0,1.0,0.0,31.2,0.0,0.0,65.0,0.3444,flowing
muritala,Muritala,6.543013999999999,3.393567999999999,General,local,standard,0,0,3,0.5,1,2,mixed,0,0,2026-03-26T09:11:27.215038+00:00,10,3,0,67.0,74.0,1042.0,943.0,0.980049,0.09459459459459463,31.2,0.0,0.0,65.0,0.1807027027027027,flowing
nsik_motors_limited_aktc_ojuelegba,"Nsik Motors Limited (Aktc), Ojuelegba",6.510032000000001,3.3623336,General,primary,standard,0,0,3,0.5,1,2,mixed,0,0,2026-03-26T09:11:30.955195+00:00,10,3,0,52.0,52.0,1177.0,1177.0,1.0,0.0,31.2,0.0,0.0,65.0,0.158,flowing
church,Church,6.530596999999999,3.378789,General,local,standard,0,0,3,0.5,1,2,residential,0,0,2026-03-26T09:11:33.670251+00:00,10,3,0,55.0,55.0,663.0,663.0,1.0,0.0,31.2,0.0,0.0,65.0,0.158,flowing
unilag_gate_akoka_road,Unilag Gate (Akoka Road),6.517867000000001,3.384795,General,local,standard,0,0,3,0.5,1,2,education,0,0,2026-03-26T09:11:36.427575+00:00,10,3,0,33.0,44.0,1051.0,788.0,0.986094,0.25,31.2,0.0,0.0,65.0,0.218,flowing
obanikoro,Obanikoro,6.546717999999998,3.367314,General,secondary,interchange,0,1,3,0.57,3,5,mixed,0,0,2026-03-26T09:11:39.298238+00:00,10,3,0,55.0,55.0,663.0,663.0,1.0,0.0,31.1,0.0,0.0,65.0,0.3334,flowing
sungas,Sungas,6.535856999999999,3.38897,General,local,standard,0,0,3,0.5,1,2,mixed,0,0,2026-03-26T09:11:42.060498+00:00,10,3,0,67.0,74.0,1042.0,943.0,0.980049,0.09459459459459463,31.2,0.0,0.0,65.0,0.1807027027027027,flowing
ojuelegba_bus_station,Ojuelegba Bus Station,6.510317,3.3626533,General,primary,terminal,1,1,4,0.62,3,5,mixed,0,0,2026-03-26T09:11:44.880117+00:00,10,3,0,52.0,52.0,1177.0,1177.0,1.0,0.0,31.2,0.0,0.0,65.0,0.4444,moderate
mfm_gate,Mfm Gate,6.509885,3.385634,General,local,standard,0,0,3,0.5,1,2,mixed,0,0,2026-03-26T09:11:47.494065+00:00,10,3,0,74.0,74.0,996.0,996.0,1.0,0.0,31.2,0.0,0.0,65.0,0.158,flowing
alade_bus_stop,Alade Bus Stop,6.6019546,3.3538821,General,local,standard,0,0,3,0.5,1,2,mixed,0,0,2026-03-26T09:11:50.584429+00:00,10,3,0,19.0,38.0,707.0,353.0,0.99653,0.5,31.1,0.0,0.0,72.0,0.278,flowing
ibidun,Ibidun,6.51072,3.360529999999999,General,local,standard,0,0,3,0.5,1,2,mixed,0,0,2026-03-26T09:11:53.228655+00:00,10,3,0,52.0,52.0,1177.0,1177.0,1.0,0.0,31.2,0.0,0.0,65.0,0.158,flowing
st_finbarrs,St Finbarrs,6.522098,3.385506,General,local,standard,0,0,3,0.5,1,2,mixed,0,0,2026-03-26T09:11:56.067253+00:00,10,3,0,55.0,55.0,663.0,663.0,1.0,0.0,31.2,0.0,0.0,65.0,0.158,flowing
unilag,Unilag,6.517568199999999,3.3855674,General,local,standard,0,0,3,0.5,1,2,education,0,0,2026-03-26T09:11:58.963681+00:00,10,3,0,67.0,74.0,1042.0,943.0,0.980049,0.09459459459459463,31.2,0.0,0.0,65.0,0.1807027027027027,flowing
gbagada_2,Gbagada,6.5491486,3.3881944,General,secondary,interchange,0,1,3,0.58,3,5,mixed,0,0,2026-03-26T09:12:01.624722+00:00,10,3,0,71.0,71.0,325.0,325.0,1.0,0.0,31.2,0.0,0.0,65.0,0.3356,flowing
fadeyi_bus_stop,Fadeyi Bus Stop,6.522983799999999,3.3678074,General,secondary,interchange,0,1,3,0.54,3,5,mixed,0,0,2026-03-26T09:12:04.795001+00:00,10,3,0,55.0,55.0,663.0,663.0,1.0,0.0,31.2,0.0,0.0,65.0,0.32680000000000003,flowing
ojuelegba_2,Ojuelegba,6.510960600000001,3.362959,General,primary,interchange,0,1,4,0.62,3,5,mixed,0,0,2026-03-26T09:12:07.621828+00:00,10,3,0,52.0,52.0,1177.0,1177.0,1.0,0.0,31.2,0.0,0.0,65.0,0.3444,flowing
sport_centre,Sport Centre,6.517343999999999,3.387760999999999,General,local,standard,0,0,3,0.5,1,2,education,0,0,2026-03-26T09:12:10.327988+00:00,10,3,0,67.0,74.0,1042.0,943.0,0.980049,0.09459459459459463,31.2,0.0,0.0,65.0,0.1807027027027027,flowing
temple,Temple,6.540592,3.392753,General,local,standard,0,0,3,0.5,1,2,mixed,0,0,2026-03-26T09:12:13.443795+00:00,10,3,0,67.0,74.0,1042.0,943.0,0.980049,0.09459459459459463,31.2,0.0,0.0,65.0,0.1807027027027027,flowing
fadeyi,Fadeyi,6.523944999999999,3.367264,General,secondary,interchange,0,1,3,0.54,3,5,mixed,0,0,2026-03-26T09:12:16.143478+00:00,10,3,0,52.0,52.0,1177.0,1177.0,1.0,0.0,31.2,0.0,0.0,65.0,0.32680000000000003,flowing
somolu_oja_market,Somolu Oja (Market),6.533655999999999,3.376522,General,local,standard,0,0,3,0.5,1,2,market,1,0,2026-03-26T09:12:18.721867+00:00,10,3,0,55.0,55.0,663.0,663.0,1.0,0.0,31.1,0.0,0.0,65.0,0.218,flowing
anthony,Anthony,6.5583349,3.3669222,General,local,interchange,0,1,3,0.5,3,5,mixed,0,0,2026-03-26T09:12:21.592751+00:00,10,3,0,55.0,55.0,663.0,663.0,1.0,0.0,31.1,0.0,0.0,65.0,0.318,flowing
adekunle_bus_stop,Adekunle Bus Stop,6.492854899999999,3.3785775,General,local,standard,0,0,3,0.46,1,2,mixed,0,0,2026-03-26T09:12:24.374201+00:00,10,3,0,47.0,48.0,1316.0,1289.0,0.931061,0.02083333333333337,31.2,0.0,0.0,65.0,0.1542,flowing
spencer,Spencer,6.502256,3.377359,General,local,standard,0,0,3,0.5,1,2,mixed,0,0,2026-03-26T09:12:27.524585+00:00,10,3,0,68.0,75.0,1026.0,931.0,0.980049,0.09333333333333338,31.2,0.0,0.0,65.0,0.18040000000000003,flowing
st_agnes,St Agnes,6.511242,3.377295,General,local,standard,0,0,3,0.5,1,2,residential,0,0,2026-03-26T09:12:30.291718+00:00,10,3,0,42.0,42.0,1276.0,1276.0,1.0,0.0,31.2,0.0,0.0,65.0,0.158,flowing
empire,Empire,6.518226899999999,3.365297,General,local,standard,0,0,3,0.5,1,2,mixed,0,0,2026-03-26T09:12:33.090447+00:00,10,3,0,32.0,44.0,1083.0,788.0,0.986094,0.2727272727272727,31.2,0.0,0.0,65.0,0.22345454545454543,flowing
obanikoro_2,Obanikoro,6.546634300000001,3.3669012,General,secondary,interchange,0,1,3,0.57,3,5,mixed,0,0,2026-03-26T09:12:35.615738+00:00,10,3,0,52.0,52.0,1177.0,1177.0,1.0,0.0,31.1,0.0,0.0,65.0,0.3334,flowing
iwaya_garage,Iwaya Garage,6.505861000000001,3.391235,General,local,standard,0,0,3,0.5,1,2,mixed,0,0,2026-03-26T09:12:38.435717+00:00,10,3,0,68.0,75.0,1026.0,931.0,0.980049,0.09333333333333338,31.2,0.0,0.0,65.0,0.18040000000000003,flowing
empire_2,Empire,6.51826,3.36554,General,local,standard,0,0,3,0.5,1,2,mixed,0,0,2026-03-26T09:12:41.248272+00:00,10,3,0,42.0,42.0,1276.0,1276.0,1.0,0.0,31.2,0.0,0.0,65.0,0.158,flowing
barracks,Barracks,6.505219,3.363804,General,local,standard,0,0,3,0.5,1,2,mixed,0,0,2026-03-26T09:12:43.914906+00:00,10,3,0,52.0,52.0,1177.0,1177.0,1.0,0.0,31.2,0.0,0.0,65.0,0.158,flowing
ap_club,Ap Club,6.499018,3.376046999999999,General,local,standard,0,0,3,0.5,1,2,mixed,0,0,2026-03-26T09:12:46.573551+00:00,10,3,0,47.0,48.0,1316.0,1289.0,0.931061,0.02083333333333337,31.2,0.0,0.0,65.0,0.163,flowing
church_2,Church,6.505691,3.38756,General,local,standard,0,0,3,0.5,1,2,residential,0,0,2026-03-26T09:12:49.239820+00:00,10,3,0,67.0,74.0,1042.0,943.0,0.980049,0.09459459459459463,31.2,0.0,0.0,65.0,0.1807027027027027,flowing
cappa,Cappa,6.547649499999999,3.3549165,General,local,standard,0,0,3,0.5,1,2,mixed,0,0,2026-03-26T09:12:51.692769+00:00,10,3,0,33.0,44.0,1051.0,788.0,0.987309,0.25,31.1,0.0,0.0,65.0,0.218,flowing
fadeyi_2,Fadeyi,6.524166,3.367736,General,secondary,interchange,0,1,3,0.54,3,5,mixed,0,0,2026-03-26T09:12:54.584598+00:00,10,3,0,55.0,55.0,663.0,663.0,1.0,0.0,31.1,0.0,0.0,65.0,0.32680000000000003,flowing
atunrase,Atunrase,6.51378,3.35761,General,local,standard,0,0,3,0.5,1,2,mixed,0,0,2026-03-26T09:12:57.404458+00:00,10,3,0,52.0,52.0,1177.0,1177.0,1.0,0.0,31.2,0.0,0.0,65.0,0.158,flowing
g_u_o_transport_maza_maza_terminal,G.U.O. Transport - Maza-Maza Terminal,6.459200099999999,3.3019669,General,local,terminal,1,0,4,0.68,3,5,mixed,0,0,2026-03-26T09:13:00.806958+00:00,10,3,0,39.0,50.0,1453.0,1133.0,0.956889,0.21999999999999997,31.3,0.0,0.0,65.0,0.4304,moderate
onipanu_3,Onipanu,6.533651099999999,3.3672085,General,secondary,interchange,0,1,3,0.56,3,5,mixed,0,0,2026-03-26T09:13:03.572995+00:00,10,3,0,52.0,52.0,1177.0,1177.0,1.0,0.0,31.1,0.0,0.0,65.0,0.33120000000000005,flowing
adesina,Adesina,6.53441,3.384873,General,local,standard,0,0,3,0.5,1,2,mixed,0,0,2026-03-26T09:13:06.539243+00:00,10,3,0,71.0,71.0,325.0,325.0,1.0,0.0,31.2,0.0,0.0,65.0,0.158,flowing
bariga,Bariga,6.537239999999999,3.392039999999999,General,local,standard,0,0,3,0.5,1,2,residential,0,0,2026-03-26T09:13:09.411138+00:00,10,3,0,67.0,74.0,1042.0,943.0,0.980049,0.09459459459459463,31.2,0.0,0.0,65.0,0.1807027027027027,flowing
onike,Onike,6.509512,3.384132,General,local,standard,0,0,3,0.5,1,2,residential,0,0,2026-03-26T09:13:12.273234+00:00,10,3,0,67.0,75.0,1042.0,931.0,0.980049,0.10666666666666669,31.2,0.0,0.0,65.0,0.1836,flowing
palmgrove,Palmgrove,6.541618,3.3674,General,secondary,interchange,0,1,3,0.55,3,5,mixed,0,0,2026-03-26T09:13:14.935081+00:00,10,3,0,55.0,55.0,663.0,663.0,1.0,0.0,31.1,0.0,0.0,65.0,0.329,flowing
oshodi_terminal,Oshodi Terminal,6.557,3.35,General,primary,terminal,1,1,5,0.9,3,5,mixed,0,0,2026-03-26T10:57:07.994413+00:00,11,3,0,69.0,69.0,694.0,694.0,1.0,0.0,32.1,0.0,0.0,100.0,0.506,moderate
mile_2,Mile 2,6.4698,3.3023,General,primary,terminal,1,1,5,0.85,3,5,market,1,0,2026-03-26T10:57:12.145248+00:00,11,3,0,44.0,62.0,1447.0,1027.0,0.906257,0.29032258064516125,32.3,0.0,0.0,100.0,0.6246774193548386,moderate
ikeja_under_bridge,Ikeja Under Bridge,6.5958,3.3403,General,primary,interchange,0,1,4,0.6,3,5,business,0,1,2026-03-26T10:57:15.199327+00:00,11,3,0,12.0,32.0,21.0,8.0,0.99,0.625,32.7,0.0,0.0,100.0,0.55,moderate
ojota,Ojota,6.5952,3.3831,General,primary,interchange,0,1,4,0.7,3,5,mixed,0,0,2026-03-26T10:57:18.068443+00:00,11,3,0,41.0,41.0,28.0,28.0,1.0,0.0,32.8,0.0,0.0,100.0,0.362,flowing
berger,Berger,6.6349,3.3782,General,primary,interchange,0,1,3,0.55,3,5,mixed,0,0,2026-03-26T10:57:20.995782+00:00,11,3,0,73.0,73.0,1264.0,1264.0,1.0,0.0,32.9,0.0,0.0,100.0,0.329,flowing
cms_marina,CMS Marina,6.4505,3.3958,General,primary,terminal,1,1,2,0.4,3,5,business,0,1,2026-03-26T10:57:23.935126+00:00,11,3,0,68.0,75.0,1026.0,931.0,0.979781,0.09333333333333338,32.2,0.0,0.0,100.0,0.47840000000000005,moderate
johnson_street,Johnson Street,6.54318,3.377831,General,local,standard,0,0,3,0.5,1,2,mixed,0,0,2026-03-26T10:57:26.618304+00:00,11,3,0,71.0,71.0,330.0,330.0,1.0,0.0,32.2,0.0,0.0,100.0,0.158,flowing
abule_oja,Abule Oja,6.517238,3.38274,General,local,standard,0,0,3,0.48,1,2,market,1,0,2026-03-26T10:57:29.392343+00:00,11,3,0,68.0,75.0,1026.0,931.0,0.979781,0.09333333333333338,32.2,0.0,0.0,100.0,0.23600000000000002,flowing
spencer_bus_station,Spencer Bus Station,6.502029100000001,3.377223,General,local,terminal,1,0,3,0.45,3,5,mixed,0,0,2026-03-26T10:57:31.972810+00:00,11,3,0,68.0,75.0,1026.0,931.0,0.979781,0.09333333333333338,32.2,0.0,0.0,100.0,0.34940000000000004,flowing
iyana_oworo,Iyana Oworo,6.546217,3.3980625,General,local,interchange,0,1,3,0.52,3,5,mixed,0,0,2026-03-26T10:57:34.996143+00:00,11,3,0,74.0,74.0,996.0,996.0,1.0,0.0,32.3,0.0,0.0,100.0,0.3224,flowing
laide,Laide,6.539657,3.392462999999999,General,local,standard,0,0,3,0.5,1,2,mixed,0,0,2026-03-26T10:57:37.631638+00:00,11,3,0,68.0,75.0,1026.0,931.0,0.979781,0.09333333333333338,32.2,0.0,0.0,100.0,0.18040000000000003,flowing
olorunsogo,Olorunsogo,6.5351119,3.3525065,General,local,standard,0,0,3,0.5,1,2,mixed,0,0,2026-03-26T10:57:40.311780+00:00,11,3,0,31.0,45.0,1118.0,770.0,0.996162,0.3111111111111111,32.1,0.0,0.0,100.0,0.23266666666666666,flowing
bajulaiye,Bajulaiye,6.533379,3.383108,General,local,standard,0,0,3,0.5,1,2,mixed,0,0,2026-03-26T10:57:43.117782+00:00,11,3,0,55.0,55.0,663.0,663.0,1.0,0.0,32.2,0.0,0.0,100.0,0.158,flowing
iyana_church,Iyana Church,6.501030000000001,3.38976,General,local,standard,0,0,3,0.5,1,2,residential,0,0,2026-03-26T10:57:47.243659+00:00,11,3,0,69.0,75.0,1012.0,931.0,0.979781,0.07999999999999996,32.3,0.0,0.0,100.0,0.1772,flowing
lawal,Lawal,6.514756999999999,3.35599,General,local,standard,0,0,3,0.5,1,2,mixed,0,0,2026-03-26T10:57:50.516973+00:00,11,3,0,52.0,52.0,1177.0,1177.0,1.0,0.0,32.2,0.0,0.0,100.0,0.158,flowing
st_timothy,St Timothy,6.507482,3.387555,General,local,standard,0,0,3,0.5,1,2,mixed,0,0,2026-03-26T10:57:53.595037+00:00,11,3,0,69.0,75.0,1012.0,931.0,0.979781,0.07999999999999996,32.2,0.0,0.0,100.0,0.1772,flowing
lady_lak,Lady Lak,6.539136999999999,3.384637,General,local,standard,0,0,3,0.5,1,2,mixed,0,0,2026-03-26T10:57:56.878131+00:00,11,3,0,69.0,75.0,1012.0,931.0,0.979781,0.07999999999999996,32.2,0.0,0.0,100.0,0.1772,flowing
alausa,Alausa,6.6174604,3.3594836,General,local,interchange,0,1,3,0.52,3,5,business,0,1,2026-03-26T10:57:59.645214+00:00,11,3,0,23.0,40.0,594.0,341.0,0.995944,0.42500000000000004,32.7,0.0,0.0,100.0,0.4844,moderate
gbagada,Gbagada,6.548821,3.388359,General,secondary,interchange,0,1,3,0.58,3,5,mixed,0,0,2026-03-26T10:58:03.226629+00:00,11,3,0,71.0,71.0,330.0,330.0,1.0,0.0,32.2,0.0,0.0,100.0,0.3356,flowing
unilag_gate_university_road,Unilag Gate (University Road),6.517602999999999,3.384831999999999,General,local,standard,0,0,3,0.5,1,2,education,0,0,2026-03-26T10:58:06.502794+00:00,11,3,0,31.0,44.0,1118.0,788.0,0.995739,0.2954545454545454,32.2,0.0,0.0,100.0,0.22890909090909092,flowing
chemist_bus_stop,Chemist Bus Stop,6.529058999999998,3.3804765,General,local,standard,0,0,3,0.5,1,2,mixed,0,0,2026-03-26T10:58:09.574893+00:00,11,3,0,55.0,55.0,663.0,663.0,1.0,0.0,32.2,0.0,0.0,100.0,0.158,flowing
waec_bus_station,WAEC Bus Station,6.517698800000001,3.371279200000001,General,local,terminal,1,0,3,0.5,3,5,mixed,0,0,2026-03-26T10:58:12.912106+00:00,11,3,0,31.0,44.0,1118.0,788.0,0.995739,0.2954545454545454,32.2,0.0,0.0,100.0,0.4089090909090909,moderate
abule_oja_2,Abule Oja,6.51703,3.381541,General,local,standard,0,0,3,0.48,1,2,market,1,0,2026-03-26T10:58:15.669830+00:00,11,3,0,69.0,75.0,1012.0,931.0,0.979781,0.07999999999999996,32.2,0.0,0.0,100.0,0.23279999999999998,flowing
new_hall,New Hall,6.519029,3.392297,General,local,standard,0,0,3,0.5,1,2,education,0,0,2026-03-26T10:58:18.590660+00:00,11,3,0,69.0,75.0,1012.0,931.0,0.979781,0.07999999999999996,32.2,0.0,0.0,100.0,0.1772,flowing
iju_train_station,Iju Train Station,6.6610851,3.3200146,General,local,terminal,1,0,3,0.52,3,5,mixed,0,0,2026-03-26T10:58:21.760305+00:00,11,3,0,43.0,50.0,1661.0,1428.0,0.980413,0.14,32.7,0.0,0.0,100.0,0.37600000000000006,flowing
okesuna,Okesuna,6.533609999999999,3.379921,General,local,standard,0,0,3,0.5,1,2,mixed,0,0,2026-03-26T10:58:24.623449+00:00,11,3,0,55.0,55.0,663.0,663.0,1.0,0.0,32.2,0.0,0.0,100.0,0.158,flowing
yabatech_main_gate,Yabatech Main Gate,6.519164,3.371761,General,secondary,standard,0,0,3,0.5,1,2,education,0,0,2026-03-26T10:58:27.480131+00:00,11,3,0,69.0,74.0,1012.0,943.0,0.979781,0.06756756756756754,32.2,0.0,0.0,100.0,0.17421621621621622,flowing
abidoun,Abidoun,6.499777,3.388271,General,local,standard,0,0,3,0.5,1,2,mixed,0,0,2026-03-26T10:58:30.507238+00:00,11,3,0,69.0,74.0,1012.0,943.0,0.979781,0.06756756756756754,32.3,0.0,0.0,100.0,0.17421621621621622,flowing
mushin,Mushin,6.529851699999998,3.353364999999999,General,local,interchange,0,1,4,0.6,3,5,market,1,0,2026-03-26T10:58:33.536569+00:00,11,3,0,30.0,44.0,1156.0,788.0,0.995738,0.31818181818181823,32.1,0.0,0.0,100.0,0.4763636363636364,moderate
olosha_bus_stop,Olosha Bus Stop,6.526432,3.358003,General,local,standard,0,0,3,0.5,1,2,mixed,0,0,2026-03-26T10:58:36.507906+00:00,11,3,0,34.0,42.0,1577.0,1276.0,0.980731,0.19047619047619047,32.2,0.0,0.0,100.0,0.2037142857142857,flowing
jibowu_bus_stop,Jibowu Bus Stop,6.519979999999999,3.367309,General,local,interchange,0,1,3,0.56,3,5,mixed,0,0,2026-03-26T10:58:39.172016+00:00,11,3,0,52.0,52.0,1177.0,1177.0,1.0,0.0,32.2,0.0,0.0,100.0,0.33120000000000005,flowing
ayilara,Ayilara,6.510533000000001,3.36117,General,local,standard,0,0,3,0.5,1,2,mixed,0,0,2026-03-26T10:58:42.628072+00:00,11,3,0,52.0,52.0,1177.0,1177.0,1.0,0.0,32.2,0.0,0.0,100.0,0.158,flowing
alagomeji,Alagomeji,6.499767,3.378309,General,local,standard,0,0,3,0.5,1,2,mixed,0,0,2026-03-26T10:58:45.629957+00:00,11,3,0,69.0,74.0,1012.0,943.0,0.979781,0.06756756756756754,32.2,0.0,0.0,100.0,0.17421621621621622,flowing
alagomeji_bus_station,Alagomeji Bus Station,6.4997771,3.3781725,General,local,terminal,1,0,3,0.5,3,5,mixed,0,0,2026-03-26T10:58:48.517031+00:00,11,3,0,69.0,74.0,1012.0,943.0,0.979781,0.06756756756756754,32.2,0.0,0.0,100.0,0.35421621621621624,flowing
onipanu,Onipanu,6.532926000000001,3.367368,General,secondary,interchange,0,1,3,0.56,3,5,mixed,0,0,2026-03-26T10:58:51.767366+00:00,11,3,0,55.0,55.0,663.0,663.0,1.0,0.0,32.1,0.0,0.0,100.0,0.33120000000000005,flowing
onipanu_2,Onipanu,6.532806000000001,3.3671,General,secondary,interchange,0,1,3,0.56,3,5,mixed,0,0,2026-03-26T10:58:54.439125+00:00,11,3,0,52.0,52.0,1177.0,1177.0,1.0,0.0,32.1,0.0,0.0,100.0,0.33120000000000005,flowing
palmgrove_bariga,Palmgrove Bariga,6.541820999999999,3.368328,General,secondary,interchange,0,1,3,0.55,3,5,residential,0,0,2026-03-26T10:58:57.161466+00:00,11,3,0,55.0,55.0,663.0,663.0,1.0,0.0,32.2,0.0,0.0,100.0,0.329,flowing
igbobi,Igbobi,6.530229,3.367605,General,local,standard,0,0,3,0.5,1,2,mixed,0,0,2026-03-26T10:59:00.076543+00:00,11,3,0,55.0,55.0,663.0,663.0,1.0,0.0,32.1,0.0,0.0,100.0,0.158,flowing
charly_boy_bus_stop,Charly Boy Bus Stop,6.548371899999999,3.3787432,General,local,interchange,0,1,3,0.5,3,5,mixed,0,0,2026-03-26T10:59:16.993318+00:00,11,3,0,71.0,71.0,330.0,330.0,1.0,0.0,32.2,0.0,0.0,100.0,0.318,flowing
unilag_shuttle_bariga,Unilag Shuttle Bariga,6.534617999999999,3.391877999999999,General,local,standard,0,0,3,0.5,1,2,education,0,0,2026-03-26T10:59:24.531378+00:00,11,3,0,69.0,74.0,1012.0,943.0,0.979781,0.06756756756756754,32.2,0.0,0.0,100.0,0.17421621621621622,flowing
idi_araba,Idi Araba,6.516742,3.354085,General,local,standard,0,0,3,0.5,1,2,mixed,0,0,2026-03-26T10:59:27.919709+00:00,11,3,0,29.0,44.0,1196.0,788.0,0.99574,0.34090909090909094,32.2,0.0,0.0,100.0,0.23981818181818185,flowing
underbridge_mosalashi,Underbridge (Mosalashi),6.517128,3.368726,General,local,standard,0,0,3,0.5,1,2,mixed,0,0,2026-03-26T10:59:32.107062+00:00,11,3,0,55.0,55.0,663.0,663.0,1.0,0.0,32.2,0.0,0.0,100.0,0.158,flowing
yaba_station,Yaba Station,6.510681999999999,3.370865999999999,General,secondary,interchange,0,1,4,0.65,3,5,mixed,0,0,2026-03-26T10:59:35.835192+00:00,11,3,0,46.0,49.0,1345.0,1263.0,0.923342,0.061224489795918324,32.2,0.0,0.0,100.0,0.3656938775510204,flowing
ojuelegba,Ojuelegba,6.511566999999999,3.363344999999999,General,primary,interchange,0,1,4,0.62,3,5,mixed,0,0,2026-03-26T10:59:39.078003+00:00,11,3,0,52.0,52.0,1177.0,1177.0,1.0,0.0,32.2,0.0,0.0,100.0,0.3444,flowing
muritala,Muritala,6.543013999999999,3.393567999999999,General,local,standard,0,0,3,0.5,1,2,mixed,0,0,2026-03-26T10:59:42.450994+00:00,11,3,0,69.0,74.0,1012.0,943.0,0.979781,0.06756756756756754,32.2,0.0,0.0,100.0,0.17421621621621622,flowing
nsik_motors_limited_aktc_ojuelegba,"Nsik Motors Limited (Aktc), Ojuelegba",6.510032000000001,3.3623336,General,primary,standard,0,0,3,0.5,1,2,mixed,0,0,2026-03-26T10:59:45.886679+00:00,11,3,0,52.0,52.0,1177.0,1177.0,1.0,0.0,32.2,0.0,0.0,100.0,0.158,flowing
church,Church,6.530596999999999,3.378789,General,local,standard,0,0,3,0.5,1,2,residential,0,0,2026-03-26T10:59:49.007120+00:00,11,3,0,55.0,55.0,663.0,663.0,1.0,0.0,32.2,0.0,0.0,100.0,0.158,flowing
unilag_gate_akoka_road,Unilag Gate (Akoka Road),6.517867000000001,3.384795,General,local,standard,0,0,3,0.5,1,2,education,0,0,2026-03-26T10:59:52.280004+00:00,11,3,0,29.0,45.0,1196.0,770.0,0.995741,0.3555555555555555,32.2,0.0,0.0,100.0,0.24333333333333332,flowing
obanikoro,Obanikoro,6.546717999999998,3.367314,General,secondary,interchange,0,1,3,0.57,3,5,mixed,0,0,2026-03-26T10:59:55.398243+00:00,11,3,0,55.0,55.0,663.0,663.0,1.0,0.0,32.1,0.0,0.0,100.0,0.3334,flowing
sungas,Sungas,6.535856999999999,3.38897,General,local,standard,0,0,3,0.5,1,2,mixed,0,0,2026-03-26T10:59:58.691006+00:00,11,3,0,70.0,74.0,997.0,943.0,0.979781,0.05405405405405406,32.4,0.0,0.0,100.0,0.17097297297297298,flowing
ojuelegba_bus_station,Ojuelegba Bus Station,6.510317,3.3626533,General,primary,terminal,1,1,4,0.62,3,5,mixed,0,0,2026-03-26T11:00:07.848819+00:00,12,3,0,52.0,52.0,1177.0,1177.0,1.0,0.0,27.0,0.0,0.0,50.0,0.4444,moderate
mfm_gate,Mfm Gate,6.509885,3.385634,General,local,standard,0,0,3,0.5,1,2,mixed,0,0,2026-03-26T11:00:10.709653+00:00,12,3,0,74.0,74.0,996.0,996.0,1.0,0.0,32.4,0.0,0.0,100.0,0.158,flowing
alade_bus_stop,Alade Bus Stop,6.6019546,3.3538821,General,local,standard,0,0,3,0.5,1,2,mixed,0,0,2026-03-26T11:00:16.039330+00:00,12,3,0,16.0,37.0,840.0,363.0,0.998094,0.5675675675675675,27.0,0.0,0.0,50.0,0.2942162162162162,flowing
ibidun,Ibidun,6.51072,3.360529999999999,General,local,standard,0,0,3,0.5,1,2,mixed,0,0,2026-03-26T11:00:18.450834+00:00,12,3,0,52.0,52.0,1177.0,1177.0,1.0,0.0,32.4,0.0,0.0,100.0,0.158,flowing
st_finbarrs,St Finbarrs,6.522098,3.385506,General,local,standard,0,0,3,0.5,1,2,mixed,0,0,2026-03-26T11:00:22.387888+00:00,12,3,0,55.0,55.0,663.0,663.0,1.0,0.0,32.4,0.0,0.0,100.0,0.158,flowing
unilag,Unilag,6.517568199999999,3.3855674,General,local,standard,0,0,3,0.5,1,2,education,0,0,2026-03-26T11:00:25.664673+00:00,12,3,0,71.0,75.0,983.0,931.0,0.979781,0.053333333333333344,32.4,0.0,0.0,100.0,0.1708,flowing
gbagada_2,Gbagada,6.5491486,3.3881944,General,secondary,interchange,0,1,3,0.58,3,5,mixed,0,0,2026-03-26T11:00:28.738414+00:00,12,3,0,63.0,71.0,366.0,325.0,1.0,0.11267605633802813,32.4,0.0,0.0,100.0,0.3626422535211267,flowing
fadeyi_bus_stop,Fadeyi Bus Stop,6.522983799999999,3.3678074,General,secondary,interchange,0,1,3,0.54,3,5,mixed,0,0,2026-03-26T11:00:32.116663+00:00,12,3,0,55.0,55.0,663.0,663.0,1.0,0.0,32.3,0.0,0.0,100.0,0.32680000000000003,flowing
ojuelegba_2,Ojuelegba,6.510960600000001,3.362959,General,primary,interchange,0,1,4,0.62,3,5,mixed,0,0,2026-03-26T11:00:35.503930+00:00,12,3,0,52.0,52.0,1177.0,1177.0,1.0,0.0,32.4,0.0,0.0,100.0,0.3444,flowing
sport_centre,Sport Centre,6.517343999999999,3.387760999999999,General,local,standard,0,0,3,0.5,1,2,education,0,0,2026-03-26T11:00:38.820393+00:00,12,3,0,71.0,75.0,983.0,931.0,0.979781,0.053333333333333344,32.4,0.0,0.0,100.0,0.1708,flowing
temple,Temple,6.540592,3.392753,General,local,standard,0,0,3,0.5,1,2,mixed,0,0,2026-03-26T11:00:42.591792+00:00,12,3,0,71.0,75.0,983.0,931.0,0.979781,0.053333333333333344,32.4,0.0,0.0,100.0,0.1708,flowing
fadeyi,Fadeyi,6.523944999999999,3.367264,General,secondary,interchange,0,1,3,0.54,3,5,mixed,0,0,2026-03-26T11:00:45.983878+00:00,12,3,0,52.0,52.0,1177.0,1177.0,1.0,0.0,32.3,0.0,0.0,100.0,0.32680000000000003,flowing
somolu_oja_market,Somolu Oja (Market),6.533655999999999,3.376522,General,local,standard,0,0,3,0.5,1,2,market,1,0,2026-03-26T11:00:49.423207+00:00,12,3,0,55.0,55.0,663.0,663.0,1.0,0.0,32.3,0.0,0.0,100.0,0.218,flowing
anthony,Anthony,6.5583349,3.3669222,General,local,interchange,0,1,3,0.5,3,5,mixed,0,0,2026-03-26T11:00:53.006580+00:00,12,3,0,55.0,55.0,663.0,663.0,1.0,0.0,32.3,0.0,0.0,100.0,0.318,flowing
adekunle_bus_stop,Adekunle Bus Stop,6.492854899999999,3.3785775,General,local,standard,0,0,3,0.46,1,2,mixed,0,0,2026-03-26T11:00:56.266982+00:00,12,3,0,30.0,30.0,0.0,0.0,0.0,0.0,27.0,0.0,0.0,50.0,0.1492,flowing
spencer,Spencer,6.502256,3.377359,General,local,standard,0,0,3,0.5,1,2,mixed,0,0,2026-03-26T11:01:37.509992+00:00,12,3,0,30.0,30.0,0.0,0.0,0.0,0.0,27.0,0.0,0.0,50.0,0.158,flowing
st_agnes,St Agnes,6.511242,3.377295,General,local,standard,0,0,3,0.5,1,2,residential,0,0,2026-03-26T11:01:57.534906+00:00,12,3,0,30.0,30.0,0.0,0.0,0.0,0.0,27.0,0.0,0.0,50.0,0.158,flowing
empire,Empire,6.518226899999999,3.365297,General,local,standard,0,0,3,0.5,1,2,mixed,0,0,2026-03-26T11:02:01.570876+00:00,12,3,0,30.0,30.0,0.0,0.0,0.0,0.0,27.0,0.0,0.0,50.0,0.158,flowing
obanikoro_2,Obanikoro,6.546634300000001,3.3669012,General,secondary,interchange,0,1,3,0.57,3,5,mixed,0,0,2026-03-26T11:02:01.579651+00:00,12,3,0,30.0,30.0,0.0,0.0,0.0,0.0,27.0,0.0,0.0,50.0,0.3334,flowing
iwaya_garage,Iwaya Garage,6.505861000000001,3.391235,General,local,standard,0,0,3,0.5,1,2,mixed,0,0,2026-03-26T11:02:01.586200+00:00,12,3,0,30.0,30.0,0.0,0.0,0.0,0.0,27.0,0.0,0.0,50.0,0.158,flowing
empire_2,Empire,6.51826,3.36554,General,local,standard,0,0,3,0.5,1,2,mixed,0,0,2026-03-26T11:02:01.591881+00:00,12,3,0,30.0,30.0,0.0,0.0,0.0,0.0,27.0,0.0,0.0,50.0,0.158,flowing
barracks,Barracks,6.505219,3.363804,General,local,standard,0,0,3,0.5,1,2,mixed,0,0,2026-03-26T11:02:01.600614+00:00,12,3,0,30.0,30.0,0.0,0.0,0.0,0.0,27.0,0.0,0.0,50.0,0.158,flowing
ap_club,Ap Club,6.499018,3.376046999999999,General,local,standard,0,0,3,0.5,1,2,mixed,0,0,2026-03-26T11:02:01.613417+00:00,12,3,0,30.0,30.0,0.0,0.0,0.0,0.0,27.0,0.0,0.0,50.0,0.158,flowing
church_2,Church,6.505691,3.38756,General,local,standard,0,0,3,0.5,1,2,residential,0,0,2026-03-26T11:02:01.621016+00:00,12,3,0,30.0,30.0,0.0,0.0,0.0,0.0,27.0,0.0,0.0,50.0,0.158,flowing
cappa,Cappa,6.547649499999999,3.3549165,General,local,standard,0,0,3,0.5,1,2,mixed,0,0,2026-03-26T11:02:01.628955+00:00,12,3,0,30.0,30.0,0.0,0.0,0.0,0.0,27.0,0.0,0.0,50.0,0.158,flowing
fadeyi_2,Fadeyi,6.524166,3.367736,General,secondary,interchange,0,1,3,0.54,3,5,mixed,0,0,2026-03-26T11:02:01.635543+00:00,12,3,0,30.0,30.0,0.0,0.0,0.0,0.0,27.0,0.0,0.0,50.0,0.32680000000000003,flowing
atunrase,Atunrase,6.51378,3.35761,General,local,standard,0,0,3,0.5,1,2,mixed,0,0,2026-03-26T11:02:01.643702+00:00,12,3,0,30.0,30.0,0.0,0.0,0.0,0.0,27.0,0.0,0.0,50.0,0.158,flowing
g_u_o_transport_maza_maza_terminal,G.U.O. Transport - Maza-Maza Terminal,6.459200099999999,3.3019669,General,local,terminal,1,0,4,0.68,3,5,mixed,0,0,2026-03-26T11:02:01.650113+00:00,12,3,0,30.0,30.0,0.0,0.0,0.0,0.0,27.0,0.0,0.0,50.0,0.37760000000000005,flowing
onipanu_3,Onipanu,6.533651099999999,3.3672085,General,secondary,interchange,0,1,3,0.56,3,5,mixed,0,0,2026-03-26T11:02:01.655639+00:00,12,3,0,30.0,30.0,0.0,0.0,0.0,0.0,27.0,0.0,0.0,50.0,0.33120000000000005,flowing
adesina,Adesina,6.53441,3.384873,General,local,standard,0,0,3,0.5,1,2,mixed,0,0,2026-03-26T11:02:01.661877+00:00,12,3,0,30.0,30.0,0.0,0.0,0.0,0.0,27.0,0.0,0.0,50.0,0.158,flowing
bariga,Bariga,6.537239999999999,3.392039999999999,General,local,standard,0,0,3,0.5,1,2,residential,0,0,2026-03-26T11:02:01.667870+00:00,12,3,0,30.0,30.0,0.0,0.0,0.0,0.0,27.0,0.0,0.0,50.0,0.158,flowing
onike,Onike,6.509512,3.384132,General,local,standard,0,0,3,0.5,1,2,residential,0,0,2026-03-26T11:02:01.674385+00:00,12,3,0,30.0,30.0,0.0,0.0,0.0,0.0,27.0,0.0,0.0,50.0,0.158,flowing
palmgrove,Palmgrove,6.541618,3.3674,General,secondary,interchange,0,1,3,0.55,3,5,mixed,0,0,2026-03-26T11:02:01.680537+00:00,12,3,0,30.0,30.0,0.0,0.0,0.0,0.0,27.0,0.0,0.0,50.0,0.329,flowing
oshodi_terminal,Oshodi Terminal,6.557,3.35,General,primary,terminal,1,1,5,0.9,3,5,mixed,0,0,2026-03-26T15:37:25.779945+00:00,16,3,0,55.0,68.0,870.0,704.0,0.989422,0.19117647058823528,31.8,0.0,0.0,86.0,0.6718823529411765,heavy
mile_2,Mile 2,6.4698,3.3023,General,primary,terminal,1,1,5,0.85,3,5,market,1,0,2026-03-26T15:37:29.468096+00:00,16,3,0,41.0,62.0,1553.0,1027.0,0.944853,0.33870967741935487,32.0,0.0,0.0,86.0,0.7562903225806451,heavy
ikeja_under_bridge,Ikeja Under Bridge,6.5958,3.3403,General,primary,interchange,0,1,4,0.6,3,5,business,0,1,2026-03-26T15:37:40.263999+00:00,16,3,0,7.0,29.0,37.0,9.0,0.99,0.7586206896551724,32.6,0.0,0.0,62.0,0.7020689655172413,heavy
ojota,Ojota,6.5952,3.3831,General,primary,interchange,0,1,4,0.7,3,5,mixed,0,0,2026-03-26T15:37:43.181191+00:00,16,3,0,41.0,41.0,28.0,28.0,1.0,0.0,32.7,0.0,0.0,62.0,0.482,moderate
berger,Berger,6.6349,3.3782,General,primary,interchange,0,1,3,0.55,3,5,mixed,0,0,2026-03-26T15:37:45.511847+00:00,16,3,0,73.0,73.0,1264.0,1264.0,1.0,0.0,32.8,0.0,0.0,62.0,0.449,moderate
cms_marina,CMS Marina,6.4505,3.3958,General,primary,terminal,1,1,2,0.4,3,5,business,0,1,2026-03-26T15:37:48.655384+00:00,16,3,0,71.0,75.0,983.0,931.0,0.978654,0.053333333333333344,31.9,0.0,0.0,86.0,0.5888,moderate
johnson_street,Johnson Street,6.54318,3.377831,General,local,standard,0,0,3,0.5,1,2,mixed,0,0,2026-03-26T15:37:51.775882+00:00,16,3,0,59.0,70.0,397.0,334.0,1.0,0.15714285714285714,31.9,0.0,0.0,86.0,0.3157142857142857,flowing
abule_oja,Abule Oja,6.517238,3.38274,General,local,standard,0,0,3,0.48,1,2,market,1,0,2026-03-26T15:37:54.989763+00:00,16,3,0,71.0,75.0,983.0,931.0,0.979755,0.053333333333333344,31.9,0.0,0.0,86.0,0.34640000000000004,flowing
spencer_bus_station,Spencer Bus Station,6.502029100000001,3.377223,General,local,terminal,1,0,3,0.45,3,5,mixed,0,0,2026-03-26T15:37:58.335337+00:00,16,3,0,71.0,75.0,983.0,931.0,0.979755,0.053333333333333344,31.9,0.0,0.0,86.0,0.45980000000000004,moderate
iyana_oworo,Iyana Oworo,6.546217,3.3980625,General,local,interchange,0,1,3,0.52,3,5,mixed,0,0,2026-03-26T15:38:01.154616+00:00,16,3,0,60.0,75.0,1229.0,983.0,1.0,0.19999999999999996,32.0,0.0,0.0,86.0,0.4904,moderate
laide,Laide,6.539657,3.392462999999999,General,local,standard,0,0,3,0.5,1,2,mixed,0,0,2026-03-26T15:38:04.112300+00:00,16,3,0,71.0,75.0,983.0,931.0,0.979755,0.053333333333333344,31.9,0.0,0.0,86.0,0.2908,flowing
olorunsogo,Olorunsogo,6.5351119,3.3525065,General,local,standard,0,0,3,0.5,1,2,mixed,0,0,2026-03-26T15:38:07.642102+00:00,16,3,0,33.0,44.0,1051.0,788.0,0.995107,0.25,31.8,0.0,0.0,86.0,0.33799999999999997,flowing
bajulaiye,Bajulaiye,6.533379,3.383108,General,local,standard,0,0,3,0.5,1,2,mixed,0,0,2026-03-26T15:38:11.090071+00:00,16,3,0,37.0,55.0,985.0,663.0,0.99898,0.32727272727272727,31.9,0.0,0.0,86.0,0.3565454545454545,flowing
iyana_church,Iyana Church,6.501030000000001,3.38976,General,local,standard,0,0,3,0.5,1,2,residential,0,0,2026-03-26T15:38:18.871252+00:00,16,3,0,71.0,75.0,983.0,931.0,0.97966,0.053333333333333344,32.0,0.0,0.0,86.0,0.2908,flowing
lawal,Lawal,6.514756999999999,3.35599,General,local,standard,0,0,3,0.5,1,2,mixed,0,0,2026-03-26T15:38:31.465322+00:00,16,3,0,52.0,52.0,1177.0,1177.0,1.0,0.0,31.9,0.0,0.0,86.0,0.278,flowing
st_timothy,St Timothy,6.507482,3.387555,General,local,standard,0,0,3,0.5,1,2,mixed,0,0,2026-03-26T15:39:03.235412+00:00,16,3,0,71.0,75.0,983.0,931.0,0.97966,0.053333333333333344,31.9,0.0,0.0,86.0,0.2908,flowing
lady_lak,Lady Lak,6.539136999999999,3.384637,General,local,standard,0,0,3,0.5,1,2,mixed,0,0,2026-03-26T15:39:10.413458+00:00,16,3,0,71.0,75.0,983.0,931.0,0.97966,0.053333333333333344,31.9,0.0,0.0,86.0,0.2908,flowing
alausa,Alausa,6.6174604,3.3594836,General,local,interchange,0,1,3,0.52,3,5,business,0,1,2026-03-26T15:39:14.062452+00:00,16,3,0,22.0,41.0,621.0,333.0,0.99885,0.46341463414634143,32.6,0.0,0.0,62.0,0.613619512195122,moderate
gbagada,Gbagada,6.548821,3.388359,General,secondary,interchange,0,1,3,0.58,3,5,mixed,0,0,2026-03-26T15:39:18.103846+00:00,16,3,0,59.0,70.0,397.0,334.0,1.0,0.15714285714285714,31.9,0.0,0.0,86.0,0.4933142857142857,moderate
unilag_gate_university_road,Unilag Gate (University Road),6.517602999999999,3.384831999999999,General,local,standard,0,0,3,0.5,1,2,education,0,0,2026-03-26T15:39:25.063888+00:00,16,3,0,34.0,44.0,1020.0,788.0,0.994846,0.2272727272727273,31.9,0.0,0.0,86.0,0.3325454545454546,flowing
chemist_bus_stop,Chemist Bus Stop,6.529058999999998,3.3804765,General,local,standard,0,0,3,0.5,1,2,mixed,0,0,2026-03-26T15:39:35.891587+00:00,16,3,0,37.0,54.0,985.0,675.0,1.0,0.31481481481481477,31.9,0.0,0.0,86.0,0.3535555555555555,flowing
waec_bus_station,WAEC Bus Station,6.517698800000001,3.371279200000001,General,local,terminal,1,0,3,0.5,3,5,mixed,0,0,2026-03-26T15:39:45.813760+00:00,16,3,0,34.0,44.0,1020.0,788.0,0.994425,0.2272727272727273,31.9,0.0,0.0,86.0,0.5125454545454545,moderate
abule_oja_2,Abule Oja,6.51703,3.381541,General,local,standard,0,0,3,0.48,1,2,market,1,0,2026-03-26T15:39:56.329906+00:00,16,3,0,69.0,75.0,1012.0,931.0,0.976574,0.07999999999999996,31.9,0.0,0.0,86.0,0.3528,flowing
new_hall,New Hall,6.519029,3.392297,General,local,standard,0,0,3,0.5,1,2,education,0,0,2026-03-26T15:40:04.733343+00:00,16,3,0,69.0,75.0,1012.0,931.0,0.976574,0.07999999999999996,31.9,0.0,0.0,86.0,0.2972,flowing
iju_train_station,Iju Train Station,6.6610851,3.3200146,General,local,terminal,1,0,3,0.52,3,5,mixed,0,0,2026-03-26T15:40:12.108002+00:00,16,3,0,42.0,50.0,1700.0,1428.0,0.996718,0.16000000000000003,32.6,0.0,0.0,62.0,0.5008,moderate
okesuna,Okesuna,6.533609999999999,3.379921,General,local,standard,0,0,3,0.5,1,2,mixed,0,0,2026-03-26T15:40:17.704058+00:00,16,3,0,37.0,54.0,985.0,675.0,1.0,0.31481481481481477,31.9,0.0,0.0,86.0,0.3535555555555555,flowing
yabatech_main_gate,Yabatech Main Gate,6.519164,3.371761,General,secondary,standard,0,0,3,0.5,1,2,education,0,0,2026-03-26T15:40:22.223567+00:00,16,3,0,71.0,75.0,983.0,931.0,0.97966,0.053333333333333344,31.9,0.0,0.0,86.0,0.2908,flowing
abidoun,Abidoun,6.499777,3.388271,General,local,standard,0,0,3,0.5,1,2,mixed,0,0,2026-03-26T15:40:26.597713+00:00,16,3,0,71.0,75.0,983.0,931.0,0.97966,0.053333333333333344,32.0,0.0,0.0,86.0,0.2908,flowing
mushin,Mushin,6.529851699999998,3.353364999999999,General,local,interchange,0,1,4,0.6,3,5,market,1,0,2026-03-26T15:40:30.347768+00:00,16,3,0,33.0,44.0,1051.0,788.0,0.994425,0.25,31.8,0.0,0.0,86.0,0.5800000000000001,moderate
olosha_bus_stop,Olosha Bus Stop,6.526432,3.358003,General,local,standard,0,0,3,0.5,1,2,mixed,0,0,2026-03-26T15:40:33.549161+00:00,16,3,0,27.0,42.0,1986.0,1276.0,0.989737,0.3571428571428571,31.9,0.0,0.0,86.0,0.36371428571428566,flowing
jibowu_bus_stop,Jibowu Bus Stop,6.519979999999999,3.367309,General,local,interchange,0,1,3,0.56,3,5,mixed,0,0,2026-03-26T15:40:37.453604+00:00,16,3,0,52.0,52.0,1177.0,1177.0,1.0,0.0,31.9,0.0,0.0,86.0,0.45120000000000005,moderate
ayilara,Ayilara,6.510533000000001,3.36117,General,local,standard,0,0,3,0.5,1,2,mixed,0,0,2026-03-26T15:40:40.406031+00:00,16,3,0,52.0,52.0,1177.0,1177.0,1.0,0.0,31.9,0.0,0.0,86.0,0.278,flowing
alagomeji,Alagomeji,6.499767,3.378309,General,local,standard,0,0,3,0.5,1,2,mixed,0,0,2026-03-26T15:40:43.507404+00:00,16,3,0,71.0,75.0,983.0,931.0,0.979781,0.053333333333333344,31.9,0.0,0.0,86.0,0.2908,flowing
alagomeji_bus_station,Alagomeji Bus Station,6.4997771,3.3781725,General,local,terminal,1,0,3,0.5,3,5,mixed,0,0,2026-03-26T15:40:47.008365+00:00,16,3,0,71.0,75.0,983.0,931.0,0.979781,0.053333333333333344,31.9,0.0,0.0,86.0,0.4708,moderate
onipanu,Onipanu,6.532926000000001,3.367368,General,secondary,interchange,0,1,3,0.56,3,5,mixed,0,0,2026-03-26T15:40:50.897659+00:00,16,3,0,36.0,54.0,1013.0,675.0,1.0,0.33333333333333337,31.8,0.0,0.0,86.0,0.5312,moderate
onipanu_2,Onipanu,6.532806000000001,3.3671,General,secondary,interchange,0,1,3,0.56,3,5,mixed,0,0,2026-03-26T15:40:54.362503+00:00,16,3,0,52.0,52.0,1177.0,1177.0,1.0,0.0,31.8,0.0,0.0,86.0,0.45120000000000005,moderate
palmgrove_bariga,Palmgrove Bariga,6.541820999999999,3.368328,General,secondary,interchange,0,1,3,0.55,3,5,residential,0,0,2026-03-26T15:40:57.649267+00:00,16,3,0,36.0,54.0,1013.0,675.0,1.0,0.33333333333333337,31.9,0.0,0.0,86.0,0.529,moderate
igbobi,Igbobi,6.530229,3.367605,General,local,standard,0,0,3,0.5,1,2,mixed,0,0,2026-03-26T15:41:02.027004+00:00,16,3,0,36.0,54.0,1013.0,675.0,1.0,0.33333333333333337,31.8,0.0,0.0,86.0,0.358,flowing
charly_boy_bus_stop,Charly Boy Bus Stop,6.548371899999999,3.3787432,General,local,interchange,0,1,3,0.5,3,5,mixed,0,0,2026-03-26T15:41:05.963583+00:00,16,3,0,57.0,70.0,411.0,334.0,1.0,0.18571428571428572,31.9,0.0,0.0,86.0,0.4825714285714286,moderate
unilag_shuttle_bariga,Unilag Shuttle Bariga,6.534617999999999,3.391877999999999,General,local,standard,0,0,3,0.5,1,2,education,0,0,2026-03-26T15:41:11.551863+00:00,16,3,0,71.0,75.0,983.0,931.0,0.979781,0.053333333333333344,31.9,0.0,0.0,86.0,0.2908,flowing
idi_araba,Idi Araba,6.516742,3.354085,General,local,standard,0,0,3,0.5,1,2,mixed,0,0,2026-03-26T15:41:16.207604+00:00,16,3,0,34.0,44.0,1020.0,788.0,0.994424,0.2272727272727273,31.9,0.0,0.0,86.0,0.3325454545454546,flowing
underbridge_mosalashi,Underbridge (Mosalashi),6.517128,3.368726,General,local,standard,0,0,3,0.5,1,2,mixed,0,0,2026-03-26T15:41:24.963470+00:00,16,3,0,37.0,55.0,985.0,663.0,1.0,0.32727272727272727,31.9,0.0,0.0,86.0,0.3565454545454545,flowing
yaba_station,Yaba Station,6.510681999999999,3.370865999999999,General,secondary,interchange,0,1,4,0.65,3,5,mixed,0,0,2026-03-26T15:41:30.325500+00:00,16,3,0,43.0,48.0,1439.0,1289.0,0.898774,0.10416666666666663,31.9,0.0,0.0,86.0,0.496,moderate
ojuelegba,Ojuelegba,6.511566999999999,3.363344999999999,General,primary,interchange,0,1,4,0.62,3,5,mixed,0,0,2026-03-26T15:41:33.176012+00:00,16,3,0,52.0,52.0,1177.0,1177.0,1.0,0.0,31.9,0.0,0.0,86.0,0.4644,moderate
muritala,Muritala,6.543013999999999,3.393567999999999,General,local,standard,0,0,3,0.5,1,2,mixed,0,0,2026-03-26T15:41:37.630727+00:00,16,3,0,71.0,75.0,983.0,931.0,0.979781,0.053333333333333344,31.9,0.0,0.0,86.0,0.2908,flowing
nsik_motors_limited_aktc_ojuelegba,"Nsik Motors Limited (Aktc), Ojuelegba",6.510032000000001,3.3623336,General,primary,standard,0,0,3,0.5,1,2,mixed,0,0,2026-03-26T15:41:41.576292+00:00,16,3,0,52.0,52.0,1177.0,1177.0,1.0,0.0,31.9,0.0,0.0,86.0,0.278,flowing
church,Church,6.530596999999999,3.378789,General,local,standard,0,0,3,0.5,1,2,residential,0,0,2026-03-26T15:41:44.453169+00:00,16,3,0,37.0,55.0,985.0,663.0,1.0,0.32727272727272727,31.9,0.0,0.0,86.0,0.3565454545454545,flowing
unilag_gate_akoka_road,Unilag Gate (Akoka Road),6.517867000000001,3.384795,General,local,standard,0,0,3,0.5,1,2,education,0,0,2026-03-26T15:41:48.380002+00:00,16,3,0,34.0,43.0,1020.0,806.0,0.994424,0.2093023255813954,31.9,0.0,0.0,86.0,0.3282325581395349,flowing
obanikoro,Obanikoro,6.546717999999998,3.367314,General,secondary,interchange,0,1,3,0.57,3,5,mixed,0,0,2026-03-26T15:41:51.867171+00:00,16,3,0,37.0,55.0,985.0,663.0,1.0,0.32727272727272727,31.8,0.0,0.0,86.0,0.5319454545454545,moderate
sungas,Sungas,6.535856999999999,3.38897,General,local,standard,0,0,3,0.5,1,2,mixed,0,0,2026-03-26T15:41:55.721583+00:00,16,3,0,71.0,74.0,983.0,943.0,0.979781,0.04054054054054057,31.9,0.0,0.0,86.0,0.28772972972972977,flowing
ojuelegba_bus_station,Ojuelegba Bus Station,6.510317,3.3626533,General,primary,terminal,1,1,4,0.62,3,5,mixed,0,0,2026-03-26T15:42:01.022554+00:00,16,3,0,52.0,52.0,1177.0,1177.0,1.0,0.0,31.9,0.0,0.0,86.0,0.5644,moderate
mfm_gate,Mfm Gate,6.509885,3.385634,General,local,standard,0,0,3,0.5,1,2,mixed,0,0,2026-03-26T15:42:05.804614+00:00,16,3,0,59.0,75.0,1250.0,983.0,1.0,0.21333333333333337,31.9,0.0,0.0,86.0,0.32920000000000005,flowing
alade_bus_stop,Alade Bus Stop,6.6019546,3.3538821,General,local,standard,0,0,3,0.5,1,2,mixed,0,0,2026-03-26T15:42:12.859938+00:00,16,3,0,22.0,38.0,611.0,353.0,0.998618,0.42105263157894735,32.7,0.0,0.0,62.0,0.3790526315789473,flowing
ibidun,Ibidun,6.51072,3.360529999999999,General,local,standard,0,0,3,0.5,1,2,mixed,0,0,2026-03-26T15:42:17.234240+00:00,16,3,0,52.0,52.0,1177.0,1177.0,1.0,0.0,31.9,0.0,0.0,86.0,0.278,flowing
st_finbarrs,St Finbarrs,6.522098,3.385506,General,local,standard,0,0,3,0.5,1,2,mixed,0,0,2026-03-26T15:42:22.328316+00:00,16,3,0,38.0,55.0,959.0,663.0,1.0,0.3090909090909091,31.9,0.0,0.0,86.0,0.35218181818181815,flowing
unilag,Unilag,6.517568199999999,3.3855674,General,local,standard,0,0,3,0.5,1,2,education,0,0,2026-03-26T15:42:29.489502+00:00,16,3,0,71.0,75.0,983.0,931.0,0.978933,0.053333333333333344,31.9,0.0,0.0,86.0,0.2908,flowing
gbagada_2,Gbagada,6.5491486,3.3881944,General,secondary,interchange,0,1,3,0.58,3,5,mixed,0,0,2026-03-26T15:42:37.233161+00:00,16,3,0,71.0,71.0,325.0,325.0,1.0,0.0,31.9,0.0,0.0,86.0,0.4556,moderate
fadeyi_bus_stop,Fadeyi Bus Stop,6.522983799999999,3.3678074,General,secondary,interchange,0,1,3,0.54,3,5,mixed,0,0,2026-03-26T15:42:43.473083+00:00,16,3,0,38.0,55.0,959.0,663.0,1.0,0.3090909090909091,31.9,0.0,0.0,86.0,0.5209818181818182,moderate
ojuelegba_2,Ojuelegba,6.510960600000001,3.362959,General,primary,interchange,0,1,4,0.62,3,5,mixed,0,0,2026-03-26T15:42:46.668555+00:00,16,3,0,52.0,52.0,1177.0,1177.0,1.0,0.0,31.9,0.0,0.0,86.0,0.4644,moderate
sport_centre,Sport Centre,6.517343999999999,3.387760999999999,General,local,standard,0,0,3,0.5,1,2,education,0,0,2026-03-26T15:42:51.875814+00:00,16,3,0,71.0,75.0,983.0,931.0,0.979513,0.053333333333333344,31.9,0.0,0.0,86.0,0.2908,flowing
temple,Temple,6.540592,3.392753,General,local,standard,0,0,3,0.5,1,2,mixed,0,0,2026-03-26T15:42:54.457973+00:00,16,3,0,71.0,75.0,983.0,931.0,0.979513,0.053333333333333344,31.9,0.0,0.0,86.0,0.2908,flowing
fadeyi,Fadeyi,6.523944999999999,3.367264,General,secondary,interchange,0,1,3,0.54,3,5,mixed,0,0,2026-03-26T15:42:57.122380+00:00,16,3,0,52.0,52.0,1177.0,1177.0,1.0,0.0,31.9,0.0,0.0,86.0,0.44680000000000003,moderate
somolu_oja_market,Somolu Oja (Market),6.533655999999999,3.376522,General,local,standard,0,0,3,0.5,1,2,market,1,0,2026-03-26T15:43:00.094924+00:00,16,3,0,38.0,54.0,959.0,675.0,1.0,0.2962962962962963,31.8,0.0,0.0,86.0,0.4091111111111111,moderate
anthony,Anthony,6.5583349,3.3669222,General,local,interchange,0,1,3,0.5,3,5,mixed,0,0,2026-03-26T15:43:03.543182+00:00,16,3,0,38.0,54.0,959.0,675.0,1.0,0.2962962962962963,31.8,0.0,0.0,86.0,0.5091111111111111,moderate
adekunle_bus_stop,Adekunle Bus Stop,6.492854899999999,3.3785775,General,local,standard,0,0,3,0.46,1,2,mixed,0,0,2026-03-26T15:43:07.780769+00:00,16,3,0,44.0,48.0,1406.0,1289.0,0.895364,0.08333333333333337,31.9,0.0,0.0,86.0,0.2892,flowing
spencer,Spencer,6.502256,3.377359,General,local,standard,0,0,3,0.5,1,2,mixed,0,0,2026-03-26T15:43:11.165825+00:00,16,3,0,71.0,75.0,983.0,931.0,0.979513,0.053333333333333344,31.9,0.0,0.0,86.0,0.2908,flowing
st_agnes,St Agnes,6.511242,3.377295,General,local,standard,0,0,3,0.5,1,2,residential,0,0,2026-03-26T15:43:15.809863+00:00,16,3,0,28.0,42.0,1915.0,1276.0,0.990695,0.33333333333333337,31.9,0.0,0.0,86.0,0.358,flowing
empire,Empire,6.518226899999999,3.365297,General,local,standard,0,0,3,0.5,1,2,mixed,0,0,2026-03-26T15:43:19.106924+00:00,16,3,0,34.0,44.0,1020.0,788.0,0.994246,0.2272727272727273,31.9,0.0,0.0,86.0,0.3325454545454546,flowing
obanikoro_2,Obanikoro,6.546634300000001,3.3669012,General,secondary,interchange,0,1,3,0.57,3,5,mixed,0,0,2026-03-26T15:43:23.363109+00:00,16,3,0,52.0,52.0,1177.0,1177.0,1.0,0.0,31.8,0.0,0.0,86.0,0.45339999999999997,moderate
iwaya_garage,Iwaya Garage,6.505861000000001,3.391235,General,local,standard,0,0,3,0.5,1,2,mixed,0,0,2026-03-26T15:43:26.799237+00:00,16,3,0,71.0,75.0,983.0,931.0,0.979513,0.053333333333333344,31.9,0.0,0.0,86.0,0.2908,flowing
empire_2,Empire,6.51826,3.36554,General,local,standard,0,0,3,0.5,1,2,mixed,0,0,2026-03-26T15:43:30.751266+00:00,16,3,0,28.0,42.0,1915.0,1276.0,0.990695,0.33333333333333337,31.9,0.0,0.0,86.0,0.358,flowing
barracks,Barracks,6.505219,3.363804,General,local,standard,0,0,3,0.5,1,2,mixed,0,0,2026-03-26T15:43:34.997421+00:00,16,3,0,52.0,52.0,1177.0,1177.0,1.0,0.0,31.9,0.0,0.0,86.0,0.278,flowing
ap_club,Ap Club,6.499018,3.376046999999999,General,local,standard,0,0,3,0.5,1,2,mixed,0,0,2026-03-26T15:43:40.028742+00:00,16,3,0,44.0,49.0,1406.0,1263.0,0.895993,0.10204081632653061,31.9,0.0,0.0,86.0,0.30248979591836733,flowing
church_2,Church,6.505691,3.38756,General,local,standard,0,0,3,0.5,1,2,residential,0,0,2026-03-26T15:43:46.046591+00:00,16,3,0,71.0,75.0,983.0,931.0,0.979513,0.053333333333333344,31.9,0.0,0.0,86.0,0.2908,flowing
cappa,Cappa,6.547649499999999,3.3549165,General,local,standard,0,0,3,0.5,1,2,mixed,0,0,2026-03-26T15:43:50.572879+00:00,16,3,0,34.0,44.0,1020.0,788.0,0.994246,0.2272727272727273,31.8,0.0,0.0,86.0,0.3325454545454546,flowing
fadeyi_2,Fadeyi,6.524166,3.367736,General,secondary,interchange,0,1,3,0.54,3,5,mixed,0,0,2026-03-26T15:43:54.565363+00:00,16,3,0,38.0,54.0,959.0,675.0,1.0,0.2962962962962963,31.8,0.0,0.0,86.0,0.5179111111111111,moderate
atunrase,Atunrase,6.51378,3.35761,General,local,standard,0,0,3,0.5,1,2,mixed,0,0,2026-03-26T15:43:59.027778+00:00,16,3,0,52.0,52.0,1177.0,1177.0,1.0,0.0,31.9,0.0,0.0,86.0,0.278,flowing
g_u_o_transport_maza_maza_terminal,G.U.O. Transport - Maza-Maza Terminal,6.459200099999999,3.3019669,General,local,terminal,1,0,4,0.68,3,5,mixed,0,0,2026-03-26T15:44:02.801618+00:00,16,3,0,40.0,50.0,1417.0,1133.0,0.965389,0.19999999999999996,32.0,0.0,0.0,86.0,0.5456,moderate
onipanu_3,Onipanu,6.533651099999999,3.3672085,General,secondary,interchange,0,1,3,0.56,3,5,mixed,0,0,2026-03-26T15:44:07.976408+00:00,16,3,0,52.0,52.0,1177.0,1177.0,1.0,0.0,31.8,0.0,0.0,86.0,0.45120000000000005,moderate
adesina,Adesina,6.53441,3.384873,General,local,standard,0,0,3,0.5,1,2,mixed,0,0,2026-03-26T15:44:13.371739+00:00,16,3,0,71.0,71.0,325.0,325.0,1.0,0.0,31.9,0.0,0.0,86.0,0.278,flowing
bariga,Bariga,6.537239999999999,3.392039999999999,General,local,standard,0,0,3,0.5,1,2,residential,0,0,2026-03-26T15:44:17.990481+00:00,16,3,0,72.0,75.0,969.0,931.0,0.978665,0.040000000000000036,31.9,0.0,0.0,86.0,0.28759999999999997,flowing
onike,Onike,6.509512,3.384132,General,local,standard,0,0,3,0.5,1,2,residential,0,0,2026-03-26T15:44:24.637459+00:00,16,3,0,72.0,75.0,969.0,931.0,0.978665,0.040000000000000036,31.9,0.0,0.0,86.0,0.28759999999999997,flowing
palmgrove,Palmgrove,6.541618,3.3674,General,secondary,interchange,0,1,3,0.55,3,5,mixed,0,0,2026-03-26T15:44:31.050576+00:00,16,3,0,37.0,54.0,985.0,675.0,1.0,0.31481481481481477,31.8,0.0,0.0,86.0,0.5245555555555556,moderate
oshodi_terminal,Oshodi Terminal,6.557,3.35,General,primary,terminal,1,1,5,0.9,3,5,mixed,0,0,2026-03-27T12:51:35.090772+00:00,13,4,0,69.0,69.0,694.0,694.0,1.0,0.0,32.8,0.0,0.0,100.0,0.506,moderate
mile_2,Mile 2,6.4698,3.3023,General,primary,terminal,1,1,5,0.85,3,5,market,1,0,2026-03-27T12:51:39.288084+00:00,13,4,0,47.0,62.0,1355.0,1027.0,0.90112,0.24193548387096775,33.0,0.0,0.0,100.0,0.6130645161290322,moderate
ikeja_under_bridge,Ikeja Under Bridge,6.5958,3.3403,General,primary,interchange,0,1,4,0.6,3,5,business,0,1,2026-03-27T12:51:43.170423+00:00,13,4,0,4.0,28.0,65.0,9.0,0.99,0.8571428571428572,33.2,0.0,0.0,100.0,0.6057142857142856,moderate
ojota,Ojota,6.5952,3.3831,General,primary,interchange,0,1,4,0.7,3,5,mixed,0,0,2026-03-27T12:51:46.965150+00:00,13,4,0,41.0,41.0,28.0,28.0,1.0,0.0,33.3,0.0,0.0,100.0,0.362,flowing
berger,Berger,6.6349,3.3782,General,primary,interchange,0,1,3,0.55,3,5,mixed,0,0,2026-03-27T12:51:50.754358+00:00,13,4,0,73.0,73.0,1264.0,1264.0,1.0,0.0,33.4,0.0,0.0,100.0,0.329,flowing
cms_marina,CMS Marina,6.4505,3.3958,General,primary,terminal,1,1,2,0.4,3,5,business,0,1,2026-03-27T12:51:54.134762+00:00,13,4,0,71.0,75.0,983.0,931.0,0.980049,0.053333333333333344,32.9,0.0,0.0,100.0,0.46880000000000005,moderate
johnson_street,Johnson Street,6.54318,3.377831,General,local,standard,0,0,3,0.5,1,2,mixed,0,0,2026-03-27T12:51:58.126452+00:00,13,4,0,71.0,71.0,330.0,330.0,1.0,0.0,32.9,0.0,0.0,100.0,0.158,flowing
abule_oja,Abule Oja,6.517238,3.38274,General,local,standard,0,0,3,0.48,1,2,market,1,0,2026-03-27T12:52:02.016831+00:00,13,4,0,71.0,75.0,983.0,931.0,0.980049,0.053333333333333344,32.9,0.0,0.0,100.0,0.22640000000000002,flowing
spencer_bus_station,Spencer Bus Station,6.502029100000001,3.377223,General,local,terminal,1,0,3,0.45,3,5,mixed,0,0,2026-03-27T12:52:06.319456+00:00,13,4,0,71.0,75.0,983.0,931.0,0.980049,0.053333333333333344,32.9,0.0,0.0,100.0,0.33980000000000005,flowing
iyana_oworo,Iyana Oworo,6.546217,3.3980625,General,local,interchange,0,1,3,0.52,3,5,mixed,0,0,2026-03-27T12:52:10.107522+00:00,13,4,0,74.0,74.0,996.0,996.0,1.0,0.0,33.0,0.0,0.0,100.0,0.3224,flowing
laide,Laide,6.539657,3.392462999999999,General,local,standard,0,0,3,0.5,1,2,mixed,0,0,2026-03-27T12:52:13.776065+00:00,13,4,0,71.0,75.0,983.0,931.0,0.980049,0.053333333333333344,32.9,0.0,0.0,100.0,0.1708,flowing
olorunsogo,Olorunsogo,6.5351119,3.3525065,General,local,standard,0,0,3,0.5,1,2,mixed,0,0,2026-03-27T12:52:17.446455+00:00,13,4,0,30.0,44.0,1156.0,788.0,0.970913,0.31818181818181823,32.8,0.0,0.0,100.0,0.23436363636363636,flowing
bajulaiye,Bajulaiye,6.533379,3.383108,General,local,standard,0,0,3,0.5,1,2,mixed,0,0,2026-03-27T12:52:21.046944+00:00,13,4,0,55.0,55.0,663.0,663.0,1.0,0.0,32.9,0.0,0.0,100.0,0.158,flowing
iyana_church,Iyana Church,6.501030000000001,3.38976,General,local,standard,0,0,3,0.5,1,2,residential,0,0,2026-03-27T12:52:25.159661+00:00,13,4,0,74.0,75.0,943.0,931.0,0.980049,0.013333333333333308,33.0,0.0,0.0,100.0,0.16119999999999998,flowing
lawal,Lawal,6.514756999999999,3.35599,General,local,standard,0,0,3,0.5,1,2,mixed,0,0,2026-03-27T12:52:29.305940+00:00,13,4,0,46.0,53.0,1331.0,1155.0,0.987252,0.13207547169811318,32.9,0.0,0.0,100.0,0.18969811320754718,flowing
st_timothy,St Timothy,6.507482,3.387555,General,local,standard,0,0,3,0.5,1,2,mixed,0,0,2026-03-27T12:52:33.333613+00:00,13,4,0,74.0,75.0,943.0,931.0,0.980049,0.013333333333333308,32.9,0.0,0.0,100.0,0.16119999999999998,flowing
lady_lak,Lady Lak,6.539136999999999,3.384637,General,local,standard,0,0,3,0.5,1,2,mixed,0,0,2026-03-27T12:52:37.019744+00:00,13,4,0,74.0,75.0,943.0,931.0,0.980049,0.013333333333333308,32.9,0.0,0.0,100.0,0.16119999999999998,flowing
alausa,Alausa,6.6174604,3.3594836,General,local,interchange,0,1,3,0.52,3,5,business,0,1,2026-03-27T12:52:41.218143+00:00,13,4,0,21.0,41.0,650.0,333.0,0.99062,0.4878048780487805,33.2,0.0,0.0,100.0,0.4994731707317073,moderate
gbagada,Gbagada,6.548821,3.388359,General,secondary,interchange,0,1,3,0.58,3,5,mixed,0,0,2026-03-27T12:52:44.704616+00:00,13,4,0,71.0,71.0,330.0,330.0,1.0,0.0,32.9,0.0,0.0,100.0,0.3356,flowing
unilag_gate_university_road,Unilag Gate (University Road),6.517602999999999,3.384831999999999,General,local,standard,0,0,3,0.5,1,2,education,0,0,2026-03-27T12:52:49.109953+00:00,13,4,0,31.0,44.0,1118.0,788.0,0.971409,0.2954545454545454,32.9,0.0,0.0,100.0,0.22890909090909092,flowing
chemist_bus_stop,Chemist Bus Stop,6.529058999999998,3.3804765,General,local,standard,0,0,3,0.5,1,2,mixed,0,0,2026-03-27T12:52:52.395812+00:00,13,4,0,55.0,55.0,663.0,663.0,1.0,0.0,32.9,0.0,0.0,100.0,0.158,flowing
waec_bus_station,WAEC Bus Station,6.517698800000001,3.371279200000001,General,local,terminal,1,0,3,0.5,3,5,mixed,0,0,2026-03-27T12:52:56.070940+00:00,13,4,0,30.0,44.0,1156.0,788.0,0.971905,0.31818181818181823,32.9,0.0,0.0,100.0,0.4143636363636364,moderate
abule_oja_2,Abule Oja,6.51703,3.381541,General,local,standard,0,0,3,0.48,1,2,market,1,0,2026-03-27T12:52:59.602003+00:00,13,4,0,73.0,75.0,956.0,931.0,0.980049,0.026666666666666616,32.9,0.0,0.0,100.0,0.22,flowing
new_hall,New Hall,6.519029,3.392297,General,local,standard,0,0,3,0.5,1,2,education,0,0,2026-03-27T12:53:03.312756+00:00,13,4,0,73.0,75.0,956.0,931.0,0.980049,0.026666666666666616,32.9,0.0,0.0,100.0,0.1644,flowing
iju_train_station,Iju Train Station,6.6610851,3.3200146,General,local,terminal,1,0,3,0.52,3,5,mixed,0,0,2026-03-27T12:53:07.278447+00:00,13,4,0,41.0,50.0,1742.0,1428.0,0.983627,0.18000000000000005,33.1,0.0,0.0,100.0,0.38560000000000005,flowing
okesuna,Okesuna,6.533609999999999,3.379921,General,local,standard,0,0,3,0.5,1,2,mixed,0,0,2026-03-27T12:53:10.812875+00:00,13,4,0,55.0,55.0,663.0,663.0,1.0,0.0,32.9,0.0,0.0,100.0,0.158,flowing
yabatech_main_gate,Yabatech Main Gate,6.519164,3.371761,General,secondary,standard,0,0,3,0.5,1,2,education,0,0,2026-03-27T12:53:14.395299+00:00,13,4,0,73.0,75.0,956.0,931.0,0.980049,0.026666666666666616,32.9,0.0,0.0,100.0,0.1644,flowing
abidoun,Abidoun,6.499777,3.388271,General,local,standard,0,0,3,0.5,1,2,mixed,0,0,2026-03-27T12:53:18.451515+00:00,13,4,0,73.0,75.0,956.0,931.0,0.980049,0.026666666666666616,33.0,0.0,0.0,100.0,0.1644,flowing
mushin,Mushin,6.529851699999998,3.353364999999999,General,local,interchange,0,1,4,0.6,3,5,market,1,0,2026-03-27T12:53:22.279771+00:00,13,4,0,30.0,44.0,1156.0,788.0,0.97026,0.31818181818181823,32.8,0.0,0.0,100.0,0.4763636363636364,moderate
olosha_bus_stop,Olosha Bus Stop,6.526432,3.358003,General,local,standard,0,0,3,0.5,1,2,mixed,0,0,2026-03-27T12:53:25.969645+00:00,13,4,0,35.0,43.0,1532.0,1247.0,0.976783,0.18604651162790697,32.9,0.0,0.0,100.0,0.2026511627906977,flowing
jibowu_bus_stop,Jibowu Bus Stop,6.519979999999999,3.367309,General,local,interchange,0,1,3,0.56,3,5,mixed,0,0,2026-03-27T12:53:29.548985+00:00,13,4,0,45.0,52.0,1360.0,1177.0,0.986875,0.13461538461538458,32.9,0.0,0.0,100.0,0.3635076923076923,flowing
ayilara,Ayilara,6.510533000000001,3.36117,General,local,standard,0,0,3,0.5,1,2,mixed,0,0,2026-03-27T12:53:33.340147+00:00,13,4,0,45.0,52.0,1360.0,1177.0,0.986875,0.13461538461538458,32.9,0.0,0.0,100.0,0.19030769230769232,flowing
alagomeji,Alagomeji,6.499767,3.378309,General,local,standard,0,0,3,0.5,1,2,mixed,0,0,2026-03-27T12:53:36.943482+00:00,13,4,0,73.0,75.0,956.0,931.0,0.980049,0.026666666666666616,32.9,0.0,0.0,100.0,0.1644,flowing
alagomeji_bus_station,Alagomeji Bus Station,6.4997771,3.3781725,General,local,terminal,1,0,3,0.5,3,5,mixed,0,0,2026-03-27T12:53:41.139535+00:00,13,4,0,73.0,75.0,956.0,931.0,0.980049,0.026666666666666616,32.9,0.0,0.0,100.0,0.3444,flowing
onipanu,Onipanu,6.532926000000001,3.367368,General,secondary,interchange,0,1,3,0.56,3,5,mixed,0,0,2026-03-27T12:53:46.244921+00:00,13,4,0,55.0,55.0,663.0,663.0,1.0,0.0,32.8,0.0,0.0,100.0,0.33120000000000005,flowing
onipanu_2,Onipanu,6.532806000000001,3.3671,General,secondary,interchange,0,1,3,0.56,3,5,mixed,0,0,2026-03-27T12:53:50.424116+00:00,13,4,0,45.0,52.0,1360.0,1177.0,0.986325,0.13461538461538458,32.8,0.0,0.0,100.0,0.3635076923076923,flowing
palmgrove_bariga,Palmgrove Bariga,6.541820999999999,3.368328,General,secondary,interchange,0,1,3,0.55,3,5,residential,0,0,2026-03-27T12:53:55.459668+00:00,13,4,0,55.0,55.0,663.0,663.0,1.0,0.0,32.9,0.0,0.0,100.0,0.329,flowing
igbobi,Igbobi,6.530229,3.367605,General,local,standard,0,0,3,0.5,1,2,mixed,0,0,2026-03-27T12:54:00.904802+00:00,13,4,0,55.0,55.0,663.0,663.0,1.0,0.0,32.8,0.0,0.0,100.0,0.158,flowing
charly_boy_bus_stop,Charly Boy Bus Stop,6.548371899999999,3.3787432,General,local,interchange,0,1,3,0.5,3,5,mixed,0,0,2026-03-27T12:54:06.468001+00:00,13,4,0,71.0,71.0,330.0,330.0,1.0,0.0,32.9,0.0,0.0,100.0,0.318,flowing
unilag_shuttle_bariga,Unilag Shuttle Bariga,6.534617999999999,3.391877999999999,General,local,standard,0,0,3,0.5,1,2,education,0,0,2026-03-27T12:54:10.510469+00:00,13,4,0,74.0,74.0,943.0,943.0,0.980049,0.0,32.9,0.0,0.0,100.0,0.158,flowing
idi_araba,Idi Araba,6.516742,3.354085,General,local,standard,0,0,3,0.5,1,2,mixed,0,0,2026-03-27T12:54:14.387330+00:00,13,4,0,29.0,44.0,1196.0,788.0,0.967771,0.34090909090909094,32.9,0.0,0.0,100.0,0.23981818181818185,flowing
underbridge_mosalashi,Underbridge (Mosalashi),6.517128,3.368726,General,local,standard,0,0,3,0.5,1,2,mixed,0,0,2026-03-27T12:54:18.497131+00:00,13,4,0,55.0,55.0,663.0,663.0,1.0,0.0,32.9,0.0,0.0,100.0,0.158,flowing
yaba_station,Yaba Station,6.510681999999999,3.370865999999999,General,secondary,interchange,0,1,4,0.65,3,5,mixed,0,0,2026-03-27T12:54:22.773729+00:00,13,4,0,43.0,48.0,1439.0,1289.0,0.930073,0.10416666666666663,32.9,0.0,0.0,100.0,0.376,flowing
ojuelegba,Ojuelegba,6.511566999999999,3.363344999999999,General,primary,interchange,0,1,4,0.62,3,5,mixed,0,0,2026-03-27T12:54:26.809174+00:00,13,4,0,44.0,53.0,1391.0,1155.0,0.986642,0.16981132075471694,32.9,0.0,0.0,100.0,0.3851547169811321,flowing
muritala,Muritala,6.543013999999999,3.393567999999999,General,local,standard,0,0,3,0.5,1,2,mixed,0,0,2026-03-27T12:54:31.625464+00:00,13,4,0,74.0,74.0,943.0,943.0,0.980049,0.0,32.9,0.0,0.0,100.0,0.158,flowing
nsik_motors_limited_aktc_ojuelegba,"Nsik Motors Limited (Aktc), Ojuelegba",6.510032000000001,3.3623336,General,primary,standard,0,0,3,0.5,1,2,mixed,0,0,2026-03-27T12:54:36.031377+00:00,13,4,0,44.0,53.0,1391.0,1155.0,0.986642,0.16981132075471694,32.9,0.0,0.0,100.0,0.1987547169811321,flowing
church,Church,6.530596999999999,3.378789,General,local,standard,0,0,3,0.5,1,2,residential,0,0,2026-03-27T12:54:40.438591+00:00,13,4,0,55.0,55.0,663.0,663.0,1.0,0.0,32.9,0.0,0.0,100.0,0.158,flowing
unilag_gate_akoka_road,Unilag Gate (Akoka Road),6.517867000000001,3.384795,General,local,standard,0,0,3,0.5,1,2,education,0,0,2026-03-27T12:54:44.714260+00:00,13,4,0,29.0,44.0,1196.0,788.0,0.967771,0.34090909090909094,32.9,0.0,0.0,100.0,0.23981818181818185,flowing
obanikoro,Obanikoro,6.546717999999998,3.367314,General,secondary,interchange,0,1,3,0.57,3,5,mixed,0,0,2026-03-27T12:54:48.825244+00:00,13,4,0,55.0,55.0,663.0,663.0,1.0,0.0,32.8,0.0,0.0,100.0,0.3334,flowing
sungas,Sungas,6.535856999999999,3.38897,General,local,standard,0,0,3,0.5,1,2,mixed,0,0,2026-03-27T12:54:52.822415+00:00,13,4,0,74.0,74.0,943.0,943.0,0.980049,0.0,32.9,0.0,0.0,100.0,0.158,flowing
ojuelegba_bus_station,Ojuelegba Bus Station,6.510317,3.3626533,General,primary,terminal,1,1,4,0.62,3,5,mixed,0,0,2026-03-27T12:54:56.559875+00:00,13,4,0,44.0,52.0,1391.0,1177.0,0.990557,0.15384615384615385,32.9,0.0,0.0,100.0,0.4813230769230769,moderate
mfm_gate,Mfm Gate,6.509885,3.385634,General,local,standard,0,0,3,0.5,1,2,mixed,0,0,2026-03-27T12:55:00.227668+00:00,13,4,0,71.0,75.0,1038.0,983.0,1.0,0.053333333333333344,32.9,0.0,0.0,100.0,0.1708,flowing
alade_bus_stop,Alade Bus Stop,6.6019546,3.3538821,General,local,standard,0,0,3,0.5,1,2,mixed,0,0,2026-03-27T12:55:04.248858+00:00,13,4,0,21.0,38.0,640.0,353.0,0.995191,0.4473684210526315,33.2,0.0,0.0,100.0,0.2653684210526316,flowing
ibidun,Ibidun,6.51072,3.360529999999999,General,local,standard,0,0,3,0.5,1,2,mixed,0,0,2026-03-27T12:55:08.281728+00:00,13,4,0,44.0,52.0,1391.0,1177.0,0.990557,0.15384615384615385,32.9,0.0,0.0,100.0,0.19492307692307695,flowing
st_finbarrs,St Finbarrs,6.522098,3.385506,General,local,standard,0,0,3,0.5,1,2,mixed,0,0,2026-03-27T12:55:12.404444+00:00,13,4,0,55.0,55.0,663.0,663.0,1.0,0.0,32.9,0.0,0.0,100.0,0.158,flowing
unilag,Unilag,6.517568199999999,3.3855674,General,local,standard,0,0,3,0.5,1,2,education,0,0,2026-03-27T12:55:16.789535+00:00,13,4,0,74.0,74.0,943.0,943.0,0.980049,0.0,32.9,0.0,0.0,100.0,0.158,flowing
gbagada_2,Gbagada,6.5491486,3.3881944,General,secondary,interchange,0,1,3,0.58,3,5,mixed,0,0,2026-03-27T12:55:20.773668+00:00,13,4,0,61.0,71.0,378.0,325.0,1.0,0.14084507042253525,32.9,0.0,0.0,100.0,0.36940281690140847,flowing
fadeyi_bus_stop,Fadeyi Bus Stop,6.522983799999999,3.3678074,General,secondary,interchange,0,1,3,0.54,3,5,mixed,0,0,2026-03-27T12:55:25.688506+00:00,13,4,0,55.0,55.0,663.0,663.0,1.0,0.0,32.9,0.0,0.0,100.0,0.32680000000000003,flowing
ojuelegba_2,Ojuelegba,6.510960600000001,3.362959,General,primary,interchange,0,1,4,0.62,3,5,mixed,0,0,2026-03-27T12:55:29.579466+00:00,13,4,0,44.0,52.0,1391.0,1177.0,0.990167,0.15384615384615385,32.9,0.0,0.0,100.0,0.38132307692307693,flowing
sport_centre,Sport Centre,6.517343999999999,3.387760999999999,General,local,standard,0,0,3,0.5,1,2,education,0,0,2026-03-27T12:55:33.694410+00:00,13,4,0,74.0,74.0,943.0,943.0,0.980049,0.0,32.9,0.0,0.0,100.0,0.158,flowing
temple,Temple,6.540592,3.392753,General,local,standard,0,0,3,0.5,1,2,mixed,0,0,2026-03-27T12:55:37.780406+00:00,13,4,0,74.0,74.0,943.0,943.0,0.980049,0.0,32.9,0.0,0.0,100.0,0.158,flowing
fadeyi,Fadeyi,6.523944999999999,3.367264,General,secondary,interchange,0,1,3,0.54,3,5,mixed,0,0,2026-03-27T12:55:44.117136+00:00,13,4,0,44.0,52.0,1391.0,1177.0,0.990167,0.15384615384615385,32.9,0.0,0.0,100.0,0.3637230769230769,flowing
somolu_oja_market,Somolu Oja (Market),6.533655999999999,3.376522,General,local,standard,0,0,3,0.5,1,2,market,1,0,2026-03-27T12:55:49.850412+00:00,13,4,0,55.0,55.0,663.0,663.0,1.0,0.0,32.8,0.0,0.0,100.0,0.218,flowing
anthony,Anthony,6.5583349,3.3669222,General,local,interchange,0,1,3,0.5,3,5,mixed,0,0,2026-03-27T12:55:53.977034+00:00,13,4,0,55.0,55.0,663.0,663.0,1.0,0.0,32.8,0.0,0.0,100.0,0.318,flowing
adekunle_bus_stop,Adekunle Bus Stop,6.492854899999999,3.3785775,General,local,standard,0,0,3,0.46,1,2,mixed,0,0,2026-03-27T12:55:57.897235+00:00,13,4,0,43.0,48.0,1439.0,1289.0,0.929501,0.10416666666666663,32.9,0.0,0.0,100.0,0.1742,flowing
spencer,Spencer,6.502256,3.377359,General,local,standard,0,0,3,0.5,1,2,mixed,0,0,2026-03-27T12:56:02.331099+00:00,13,4,0,74.0,75.0,943.0,931.0,0.980049,0.013333333333333308,32.9,0.0,0.0,100.0,0.16119999999999998,flowing
st_agnes,St Agnes,6.511242,3.377295,General,local,standard,0,0,3,0.5,1,2,residential,0,0,2026-03-27T12:56:06.120906+00:00,13,4,0,35.0,43.0,1532.0,1247.0,0.970666,0.18604651162790697,32.9,0.0,0.0,100.0,0.2026511627906977,flowing
empire,Empire,6.518226899999999,3.365297,General,local,standard,0,0,3,0.5,1,2,mixed,0,0,2026-03-27T12:56:10.110728+00:00,13,4,0,30.0,44.0,1156.0,788.0,0.968217,0.31818181818181823,32.9,0.0,0.0,100.0,0.23436363636363636,flowing
obanikoro_2,Obanikoro,6.546634300000001,3.3669012,General,secondary,interchange,0,1,3,0.57,3,5,mixed,0,0,2026-03-27T12:56:14.003258+00:00,13,4,0,43.0,53.0,1424.0,1155.0,0.987746,0.18867924528301883,32.8,0.0,0.0,100.0,0.3786830188679245,flowing
iwaya_garage,Iwaya Garage,6.505861000000001,3.391235,General,local,standard,0,0,3,0.5,1,2,mixed,0,0,2026-03-27T12:56:17.996888+00:00,13,4,0,74.0,74.0,943.0,943.0,0.980049,0.0,32.9,0.0,0.0,100.0,0.158,flowing
empire_2,Empire,6.51826,3.36554,General,local,standard,0,0,3,0.5,1,2,mixed,0,0,2026-03-27T12:56:21.873314+00:00,13,4,0,34.0,43.0,1577.0,1247.0,0.970474,0.2093023255813954,32.9,0.0,0.0,100.0,0.20823255813953492,flowing
barracks,Barracks,6.505219,3.363804,General,local,standard,0,0,3,0.5,1,2,mixed,0,0,2026-03-27T12:56:25.678828+00:00,13,4,0,43.0,53.0,1424.0,1155.0,0.987746,0.18867924528301883,32.9,0.0,0.0,100.0,0.20328301886792452,flowing
ap_club,Ap Club,6.499018,3.376046999999999,General,local,standard,0,0,3,0.5,1,2,mixed,0,0,2026-03-27T12:56:31.408944+00:00,13,4,0,43.0,48.0,1439.0,1289.0,0.930134,0.10416666666666663,32.9,0.0,0.0,100.0,0.18299999999999997,flowing
church_2,Church,6.505691,3.38756,General,local,standard,0,0,3,0.5,1,2,residential,0,0,2026-03-27T12:56:35.403440+00:00,13,4,0,74.0,74.0,943.0,943.0,0.980049,0.0,32.9,0.0,0.0,100.0,0.158,flowing
cappa,Cappa,6.547649499999999,3.3549165,General,local,standard,0,0,3,0.5,1,2,mixed,0,0,2026-03-27T12:56:38.989467+00:00,13,4,0,29.0,44.0,1196.0,788.0,0.966945,0.34090909090909094,32.8,0.0,0.0,100.0,0.23981818181818185,flowing
fadeyi_2,Fadeyi,6.524166,3.367736,General,secondary,interchange,0,1,3,0.54,3,5,mixed,0,0,2026-03-27T12:56:42.668203+00:00,13,4,0,55.0,55.0,663.0,663.0,1.0,0.0,32.8,0.0,0.0,100.0,0.32680000000000003,flowing
atunrase,Atunrase,6.51378,3.35761,General,local,standard,0,0,3,0.5,1,2,mixed,0,0,2026-03-27T12:56:46.377209+00:00,13,4,0,43.0,53.0,1424.0,1155.0,0.987746,0.18867924528301883,32.9,0.0,0.0,100.0,0.20328301886792452,flowing
g_u_o_transport_maza_maza_terminal,G.U.O. Transport - Maza-Maza Terminal,6.459200099999999,3.3019669,General,local,terminal,1,0,4,0.68,3,5,mixed,0,0,2026-03-27T12:56:50.660746+00:00,13,4,0,41.0,51.0,1382.0,1111.0,0.975746,0.196078431372549,33.0,0.0,0.0,100.0,0.42465882352941176,moderate
onipanu_3,Onipanu,6.533651099999999,3.3672085,General,secondary,interchange,0,1,3,0.56,3,5,mixed,0,0,2026-03-27T12:56:54.756898+00:00,13,4,0,42.0,52.0,1458.0,1177.0,0.990177,0.1923076923076923,32.8,0.0,0.0,100.0,0.37735384615384615,flowing
adesina,Adesina,6.53441,3.384873,General,local,standard,0,0,3,0.5,1,2,mixed,0,0,2026-03-27T12:56:58.753859+00:00,13,4,0,58.0,71.0,398.0,325.0,1.0,0.18309859154929575,32.9,0.0,0.0,100.0,0.20194366197183097,flowing
bariga,Bariga,6.537239999999999,3.392039999999999,General,local,standard,0,0,3,0.5,1,2,residential,0,0,2026-03-27T12:57:02.632720+00:00,13,4,0,74.0,74.0,943.0,943.0,0.980049,0.0,32.9,0.0,0.0,100.0,0.158,flowing
onike,Onike,6.509512,3.384132,General,local,standard,0,0,3,0.5,1,2,residential,0,0,2026-03-27T12:57:06.431074+00:00,13,4,0,74.0,74.0,943.0,943.0,0.980049,0.0,32.9,0.0,0.0,100.0,0.158,flowing
palmgrove,Palmgrove,6.541618,3.3674,General,secondary,interchange,0,1,3,0.55,3,5,mixed,0,0,2026-03-27T12:57:10.321311+00:00,13,4,0,55.0,55.0,663.0,663.0,1.0,0.0,32.8,0.0,0.0,100.0,0.329,flowing
oshodi_terminal,Oshodi Terminal,6.557,3.35,General,primary,terminal,1,1,5,0.9,3,5,mixed,0,0,2026-03-27T19:29:24.422321+00:00,20,4,0,48.0,68.0,997.0,704.0,0.989327,0.2941176470588235,28.6,0.0,0.0,46.0,0.7365882352941177,heavy
mile_2,Mile 2,6.4698,3.3023,General,primary,terminal,1,1,5,0.85,3,5,market,1,0,2026-03-27T19:29:29.578397+00:00,20,4,0,40.0,62.0,1592.0,1027.0,0.954396,0.3548387096774194,28.7,0.0,0.0,46.0,0.8001612903225807,heavy
ikeja_under_bridge,Ikeja Under Bridge,6.5958,3.3403,General,primary,interchange,0,1,4,0.6,3,5,business,0,1,2026-03-27T19:29:32.804034+00:00,20,4,0,31.0,31.0,8.0,8.0,1.0,0.0,28.6,0.0,0.0,51.0,0.56,moderate
ojota,Ojota,6.5952,3.3831,General,primary,interchange,0,1,4,0.7,3,5,mixed,0,0,2026-03-27T19:29:35.534265+00:00,20,4,0,41.0,41.0,28.0,28.0,1.0,0.0,28.7,0.0,0.0,51.0,0.522,moderate
berger,Berger,6.6349,3.3782,General,primary,interchange,0,1,3,0.55,3,5,mixed,0,0,2026-03-27T19:29:38.739637+00:00,20,4,0,56.0,72.0,1648.0,1282.0,1.0,0.2222222222222222,28.8,0.0,0.0,51.0,0.5423333333333333,moderate
cms_marina,CMS Marina,6.4505,3.3958,General,primary,terminal,1,1,2,0.4,3,5,business,0,1,2026-03-27T19:29:42.024490+00:00,20,4,0,71.0,76.0,983.0,918.0,0.977516,0.06578947368421051,28.7,0.0,0.0,46.0,0.6317894736842106,moderate
johnson_street,Johnson Street,6.54318,3.377831,General,local,standard,0,0,3,0.5,1,2,mixed,0,0,2026-03-27T19:29:45.360186+00:00,20,4,0,71.0,71.0,330.0,330.0,1.0,0.0,28.7,0.0,0.0,46.0,0.318,flowing
abule_oja,Abule Oja,6.517238,3.38274,General,local,standard,0,0,3,0.48,1,2,market,1,0,2026-03-27T19:29:48.364557+00:00,20,4,0,71.0,76.0,983.0,918.0,0.977516,0.06578947368421051,28.7,0.0,0.0,46.0,0.38938947368421045,flowing
spencer_bus_station,Spencer Bus Station,6.502029100000001,3.377223,General,local,terminal,1,0,3,0.45,3,5,mixed,0,0,2026-03-27T19:29:53.177496+00:00,20,4,0,71.0,76.0,983.0,918.0,0.977516,0.06578947368421051,28.7,0.0,0.0,46.0,0.5027894736842106,moderate
iyana_oworo,Iyana Oworo,6.546217,3.3980625,General,local,interchange,0,1,3,0.52,3,5,mixed,0,0,2026-03-27T19:29:56.222470+00:00,20,4,0,60.0,75.0,1229.0,983.0,1.0,0.19999999999999996,28.7,0.0,0.0,46.0,0.5304,moderate
laide,Laide,6.539657,3.392462999999999,General,local,standard,0,0,3,0.5,1,2,mixed,0,0,2026-03-27T19:30:00.652857+00:00,20,4,0,71.0,76.0,983.0,918.0,0.977516,0.06578947368421051,28.6,0.0,0.0,46.0,0.33378947368421047,flowing
olorunsogo,Olorunsogo,6.5351119,3.3525065,General,local,standard,0,0,3,0.5,1,2,mixed,0,0,2026-03-27T19:30:06.596033+00:00,20,4,0,32.0,44.0,1083.0,788.0,0.965159,0.2727272727272727,27.0,0.0,0.0,50.0,0.38345454545454544,flowing
bajulaiye,Bajulaiye,6.533379,3.383108,General,local,standard,0,0,3,0.5,1,2,mixed,0,0,2026-03-27T19:30:09.405649+00:00,20,4,0,43.0,54.0,848.0,675.0,1.0,0.20370370370370372,28.6,0.0,0.0,46.0,0.3668888888888889,flowing
iyana_church,Iyana Church,6.501030000000001,3.38976,General,local,standard,0,0,3,0.5,1,2,residential,0,0,2026-03-27T19:30:14.480010+00:00,20,4,0,71.0,76.0,983.0,918.0,0.977516,0.06578947368421051,27.0,0.0,0.0,50.0,0.33378947368421047,flowing
lawal,Lawal,6.514756999999999,3.35599,General,local,standard,0,0,3,0.5,1,2,mixed,0,0,2026-03-27T19:30:18.283160+00:00,20,4,0,52.0,52.0,1177.0,1177.0,1.0,0.0,28.6,0.0,0.0,46.0,0.318,flowing
st_timothy,St Timothy,6.507482,3.387555,General,local,standard,0,0,3,0.5,1,2,mixed,0,0,2026-03-27T19:30:21.568619+00:00,20,4,0,71.0,76.0,983.0,918.0,0.977516,0.06578947368421051,28.6,0.0,0.0,46.0,0.33378947368421047,flowing
lady_lak,Lady Lak,6.539136999999999,3.384637,General,local,standard,0,0,3,0.5,1,2,mixed,0,0,2026-03-27T19:30:24.371915+00:00,20,4,0,71.0,76.0,983.0,918.0,0.977516,0.06578947368421051,28.6,0.0,0.0,46.0,0.33378947368421047,flowing
alausa,Alausa,6.6174604,3.3594836,General,local,interchange,0,1,3,0.52,3,5,business,0,1,2026-03-27T19:30:29.267933+00:00,20,4,0,29.0,41.0,471.0,333.0,0.999356,0.29268292682926833,28.5,0.0,0.0,51.0,0.6126439024390244,moderate
gbagada,Gbagada,6.548821,3.388359,General,secondary,interchange,0,1,3,0.58,3,5,mixed,0,0,2026-03-27T19:30:34.910463+00:00,20,4,0,71.0,71.0,330.0,330.0,1.0,0.0,28.6,0.0,0.0,46.0,0.4956,moderate
unilag_gate_university_road,Unilag Gate (University Road),6.517602999999999,3.384831999999999,General,local,standard,0,0,3,0.5,1,2,education,0,0,2026-03-27T19:30:38.851261+00:00,20,4,0,32.0,44.0,1083.0,788.0,0.96005,0.2727272727272727,28.6,0.0,0.0,46.0,0.38345454545454544,flowing
chemist_bus_stop,Chemist Bus Stop,6.529058999999998,3.3804765,General,local,standard,0,0,3,0.5,1,2,mixed,0,0,2026-03-27T19:30:45.297064+00:00,20,4,0,43.0,54.0,848.0,675.0,1.0,0.20370370370370372,28.6,0.0,0.0,46.0,0.3668888888888889,flowing
waec_bus_station,WAEC Bus Station,6.517698800000001,3.371279200000001,General,local,terminal,1,0,3,0.5,3,5,mixed,0,0,2026-03-27T19:30:52.472995+00:00,20,4,0,32.0,44.0,1083.0,788.0,0.961177,0.2727272727272727,28.6,0.0,0.0,46.0,0.5634545454545454,moderate
abule_oja_2,Abule Oja,6.51703,3.381541,General,local,standard,0,0,3,0.48,1,2,market,1,0,2026-03-27T19:30:58.099918+00:00,20,4,0,70.0,74.0,997.0,943.0,0.977516,0.05405405405405406,28.6,0.0,0.0,46.0,0.38657297297297294,flowing
new_hall,New Hall,6.519029,3.392297,General,local,standard,0,0,3,0.5,1,2,education,0,0,2026-03-27T19:31:04.358854+00:00,20,4,0,70.0,74.0,997.0,943.0,0.977516,0.05405405405405406,28.6,0.0,0.0,46.0,0.33097297297297296,flowing
iju_train_station,Iju Train Station,6.6610851,3.3200146,General,local,terminal,1,0,3,0.52,3,5,mixed,0,0,2026-03-27T19:31:10.385395+00:00,20,4,0,38.0,50.0,1879.0,1428.0,0.988626,0.24,28.4,0.0,0.0,51.0,0.56,moderate
okesuna,Okesuna,6.533609999999999,3.379921,General,local,standard,0,0,3,0.5,1,2,mixed,0,0,2026-03-27T19:31:15.147673+00:00,20,4,0,44.0,54.0,828.0,675.0,1.0,0.18518518518518523,28.6,0.0,0.0,46.0,0.3624444444444444,flowing
yabatech_main_gate,Yabatech Main Gate,6.519164,3.371761,General,secondary,standard,0,0,3,0.5,1,2,education,0,0,2026-03-27T19:31:19.297479+00:00,20,4,0,69.0,74.0,1012.0,943.0,0.977516,0.06756756756756754,28.6,0.0,0.0,46.0,0.33421621621621617,flowing
abidoun,Abidoun,6.499777,3.388271,General,local,standard,0,0,3,0.5,1,2,mixed,0,0,2026-03-27T19:31:24.847576+00:00,20,4,0,69.0,74.0,1012.0,943.0,0.977516,0.06756756756756754,28.7,0.0,0.0,46.0,0.33421621621621617,flowing
mushin,Mushin,6.529851699999998,3.353364999999999,General,local,interchange,0,1,4,0.6,3,5,market,1,0,2026-03-27T19:31:34.146460+00:00,20,4,0,32.0,44.0,1083.0,788.0,0.961177,0.2727272727272727,28.5,0.0,0.0,46.0,0.6254545454545455,moderate
olosha_bus_stop,Olosha Bus Stop,6.526432,3.358003,General,local,standard,0,0,3,0.5,1,2,mixed,0,0,2026-03-27T19:31:38.450284+00:00,20,4,0,28.0,42.0,1915.0,1276.0,0.972,0.33333333333333337,28.6,0.0,0.0,46.0,0.39799999999999996,flowing
jibowu_bus_stop,Jibowu Bus Stop,6.519979999999999,3.367309,General,local,interchange,0,1,3,0.56,3,5,mixed,0,0,2026-03-27T19:31:44.464941+00:00,20,4,0,52.0,52.0,1177.0,1177.0,1.0,0.0,28.6,0.0,0.0,46.0,0.4912,moderate
ayilara,Ayilara,6.510533000000001,3.36117,General,local,standard,0,0,3,0.5,1,2,mixed,0,0,2026-03-27T19:31:50.139803+00:00,20,4,0,52.0,52.0,1177.0,1177.0,1.0,0.0,28.6,0.0,0.0,46.0,0.318,flowing
alagomeji,Alagomeji,6.499767,3.378309,General,local,standard,0,0,3,0.5,1,2,mixed,0,0,2026-03-27T19:31:54.827868+00:00,20,4,0,70.0,74.0,997.0,943.0,0.977516,0.05405405405405406,28.6,0.0,0.0,46.0,0.33097297297297296,flowing
alagomeji_bus_station,Alagomeji Bus Station,6.4997771,3.3781725,General,local,terminal,1,0,3,0.5,3,5,mixed,0,0,2026-03-27T19:31:59.647363+00:00,20,4,0,70.0,74.0,997.0,943.0,0.977516,0.05405405405405406,28.6,0.0,0.0,46.0,0.510972972972973,moderate
onipanu,Onipanu,6.532926000000001,3.367368,General,secondary,interchange,0,1,3,0.56,3,5,mixed,0,0,2026-03-27T19:32:02.714076+00:00,20,4,0,43.0,54.0,848.0,675.0,1.0,0.20370370370370372,28.5,0.0,0.0,46.0,0.540088888888889,moderate
onipanu_2,Onipanu,6.532806000000001,3.3671,General,secondary,interchange,0,1,3,0.56,3,5,mixed,0,0,2026-03-27T19:32:07.630639+00:00,20,4,0,52.0,52.0,1177.0,1177.0,1.0,0.0,28.5,0.0,0.0,46.0,0.4912,moderate
palmgrove_bariga,Palmgrove Bariga,6.541820999999999,3.368328,General,secondary,interchange,0,1,3,0.55,3,5,residential,0,0,2026-03-27T19:32:11.226192+00:00,20,4,0,43.0,54.0,848.0,675.0,1.0,0.20370370370370372,28.6,0.0,0.0,46.0,0.5378888888888889,moderate
igbobi,Igbobi,6.530229,3.367605,General,local,standard,0,0,3,0.5,1,2,mixed,0,0,2026-03-27T19:32:18.177974+00:00,20,4,0,43.0,54.0,848.0,675.0,1.0,0.20370370370370372,28.5,0.0,0.0,46.0,0.3668888888888889,flowing
charly_boy_bus_stop,Charly Boy Bus Stop,6.548371899999999,3.3787432,General,local,interchange,0,1,3,0.5,3,5,mixed,0,0,2026-03-27T19:32:22.884400+00:00,20,4,0,71.0,71.0,330.0,330.0,1.0,0.0,28.6,0.0,0.0,46.0,0.478,moderate
unilag_shuttle_bariga,Unilag Shuttle Bariga,6.534617999999999,3.391877999999999,General,local,standard,0,0,3,0.5,1,2,education,0,0,2026-03-27T19:32:27.192957+00:00,20,4,0,70.0,74.0,997.0,943.0,0.977516,0.05405405405405406,28.6,0.0,0.0,46.0,0.33097297297297296,flowing
idi_araba,Idi Araba,6.516742,3.354085,General,local,standard,0,0,3,0.5,1,2,mixed,0,0,2026-03-27T19:32:33.124635+00:00,20,4,0,31.0,44.0,1118.0,788.0,0.960548,0.2954545454545454,28.6,0.0,0.0,46.0,0.3889090909090909,flowing
underbridge_mosalashi,Underbridge (Mosalashi),6.517128,3.368726,General,local,standard,0,0,3,0.5,1,2,mixed,0,0,2026-03-27T19:32:37.429810+00:00,20,4,0,42.0,54.0,868.0,675.0,1.0,0.2222222222222222,28.6,0.0,0.0,46.0,0.37133333333333335,flowing
yaba_station,Yaba Station,6.510681999999999,3.370865999999999,General,secondary,interchange,0,1,4,0.65,3,5,mixed,0,0,2026-03-27T19:32:41.932493+00:00,20,4,0,31.0,48.0,1996.0,1289.0,0.858595,0.35416666666666663,28.6,0.0,0.0,46.0,0.5960000000000001,moderate
ojuelegba,Ojuelegba,6.511566999999999,3.363344999999999,General,primary,interchange,0,1,4,0.62,3,5,mixed,0,0,2026-03-27T19:32:45.908477+00:00,20,4,0,52.0,52.0,1177.0,1177.0,1.0,0.0,28.6,0.0,0.0,46.0,0.5044,moderate
muritala,Muritala,6.543013999999999,3.393567999999999,General,local,standard,0,0,3,0.5,1,2,mixed,0,0,2026-03-27T19:32:51.599440+00:00,20,4,0,70.0,74.0,997.0,943.0,0.977516,0.05405405405405406,28.6,0.0,0.0,46.0,0.33097297297297296,flowing
nsik_motors_limited_aktc_ojuelegba,"Nsik Motors Limited (Aktc), Ojuelegba",6.510032000000001,3.3623336,General,primary,standard,0,0,3,0.5,1,2,mixed,0,0,2026-03-27T19:32:54.738065+00:00,20,4,0,52.0,52.0,1177.0,1177.0,1.0,0.0,28.6,0.0,0.0,46.0,0.318,flowing
church,Church,6.530596999999999,3.378789,General,local,standard,0,0,3,0.5,1,2,residential,0,0,2026-03-27T19:32:58.008766+00:00,20,4,0,43.0,54.0,848.0,675.0,1.0,0.20370370370370372,28.6,0.0,0.0,46.0,0.3668888888888889,flowing
unilag_gate_akoka_road,Unilag Gate (Akoka Road),6.517867000000001,3.384795,General,local,standard,0,0,3,0.5,1,2,education,0,0,2026-03-27T19:33:01.591826+00:00,20,4,0,32.0,44.0,1083.0,788.0,0.960829,0.2727272727272727,28.6,0.0,0.0,46.0,0.38345454545454544,flowing
obanikoro,Obanikoro,6.546717999999998,3.367314,General,secondary,interchange,0,1,3,0.57,3,5,mixed,0,0,2026-03-27T19:33:05.483480+00:00,20,4,0,43.0,54.0,848.0,675.0,1.0,0.20370370370370372,28.5,0.0,0.0,46.0,0.5422888888888889,moderate
sungas,Sungas,6.535856999999999,3.38897,General,local,standard,0,0,3,0.5,1,2,mixed,0,0,2026-03-27T19:33:08.963878+00:00,20,4,0,70.0,75.0,997.0,931.0,0.977516,0.06666666666666665,28.6,0.0,0.0,46.0,0.334,flowing
ojuelegba_bus_station,Ojuelegba Bus Station,6.510317,3.3626533,General,primary,terminal,1,1,4,0.62,3,5,mixed,0,0,2026-03-27T19:33:13.572761+00:00,20,4,0,52.0,52.0,1177.0,1177.0,1.0,0.0,28.6,0.0,0.0,46.0,0.6044,moderate
mfm_gate,Mfm Gate,6.509885,3.385634,General,local,standard,0,0,3,0.5,1,2,mixed,0,0,2026-03-27T19:33:17.464334+00:00,20,4,0,60.0,75.0,1229.0,983.0,1.0,0.19999999999999996,28.6,0.0,0.0,46.0,0.36599999999999994,flowing
alade_bus_stop,Alade Bus Stop,6.6019546,3.3538821,General,local,standard,0,0,3,0.5,1,2,mixed,0,0,2026-03-27T19:33:21.458214+00:00,20,4,0,24.0,37.0,560.0,363.0,0.999347,0.3513513513513513,28.5,0.0,0.0,51.0,0.40232432432432425,moderate
ibidun,Ibidun,6.51072,3.360529999999999,General,local,standard,0,0,3,0.5,1,2,mixed,0,0,2026-03-27T19:33:25.968351+00:00,20,4,0,52.0,52.0,1177.0,1177.0,1.0,0.0,28.6,0.0,0.0,46.0,0.318,flowing
st_finbarrs,St Finbarrs,6.522098,3.385506,General,local,standard,0,0,3,0.5,1,2,mixed,0,0,2026-03-27T19:33:30.059940+00:00,20,4,0,43.0,54.0,848.0,675.0,1.0,0.20370370370370372,28.6,0.0,0.0,46.0,0.3668888888888889,flowing
unilag,Unilag,6.517568199999999,3.3855674,General,local,standard,0,0,3,0.5,1,2,education,0,0,2026-03-27T19:33:33.545589+00:00,20,4,0,70.0,75.0,997.0,931.0,0.977516,0.06666666666666665,28.6,0.0,0.0,46.0,0.334,flowing
gbagada_2,Gbagada,6.5491486,3.3881944,General,secondary,interchange,0,1,3,0.58,3,5,mixed,0,0,2026-03-27T19:33:37.335931+00:00,20,4,0,71.0,71.0,325.0,325.0,1.0,0.0,28.6,0.0,0.0,46.0,0.4956,moderate
fadeyi_bus_stop,Fadeyi Bus Stop,6.522983799999999,3.3678074,General,secondary,interchange,0,1,3,0.54,3,5,mixed,0,0,2026-03-27T19:33:41.838473+00:00,20,4,0,43.0,54.0,848.0,675.0,1.0,0.20370370370370372,28.6,0.0,0.0,46.0,0.5356888888888889,moderate
ojuelegba_2,Ojuelegba,6.510960600000001,3.362959,General,primary,interchange,0,1,4,0.62,3,5,mixed,0,0,2026-03-27T19:33:45.315768+00:00,20,4,0,52.0,52.0,1177.0,1177.0,1.0,0.0,28.6,0.0,0.0,46.0,0.5044,moderate
sport_centre,Sport Centre,6.517343999999999,3.387760999999999,General,local,standard,0,0,3,0.5,1,2,education,0,0,2026-03-27T19:33:49.518982+00:00,20,4,0,70.0,75.0,997.0,931.0,0.977516,0.06666666666666665,28.6,0.0,0.0,46.0,0.334,flowing
temple,Temple,6.540592,3.392753,General,local,standard,0,0,3,0.5,1,2,mixed,0,0,2026-03-27T19:33:53.649419+00:00,20,4,0,70.0,75.0,997.0,931.0,0.977516,0.06666666666666665,28.6,0.0,0.0,46.0,0.334,flowing
fadeyi,Fadeyi,6.523944999999999,3.367264,General,secondary,interchange,0,1,3,0.54,3,5,mixed,0,0,2026-03-27T19:33:58.936627+00:00,20,4,0,52.0,52.0,1177.0,1177.0,1.0,0.0,28.6,0.0,0.0,46.0,0.4868,moderate
somolu_oja_market,Somolu Oja (Market),6.533655999999999,3.376522,General,local,standard,0,0,3,0.5,1,2,market,1,0,2026-03-27T19:34:02.109922+00:00,20,4,0,43.0,54.0,848.0,675.0,1.0,0.20370370370370372,28.5,0.0,0.0,46.0,0.4268888888888888,moderate
anthony,Anthony,6.5583349,3.3669222,General,local,interchange,0,1,3,0.5,3,5,mixed,0,0,2026-03-27T19:34:07.641634+00:00,20,4,0,43.0,54.0,848.0,675.0,1.0,0.20370370370370372,28.5,0.0,0.0,46.0,0.5268888888888889,moderate
adekunle_bus_stop,Adekunle Bus Stop,6.492854899999999,3.3785775,General,local,standard,0,0,3,0.46,1,2,mixed,0,0,2026-03-27T19:34:11.222776+00:00,20,4,0,32.0,48.0,1934.0,1289.0,0.859031,0.33333333333333337,28.6,0.0,0.0,46.0,0.38919999999999993,flowing
spencer,Spencer,6.502256,3.377359,General,local,standard,0,0,3,0.5,1,2,mixed,0,0,2026-03-27T19:34:14.413159+00:00,20,4,0,70.0,75.0,997.0,931.0,0.977516,0.06666666666666665,28.6,0.0,0.0,46.0,0.334,flowing
st_agnes,St Agnes,6.511242,3.377295,General,local,standard,0,0,3,0.5,1,2,residential,0,0,2026-03-27T19:34:19.974565+00:00,20,4,0,30.0,43.0,1787.0,1247.0,0.969167,0.3023255813953488,28.6,0.0,0.0,46.0,0.39055813953488366,flowing
empire,Empire,6.518226899999999,3.365297,General,local,standard,0,0,3,0.5,1,2,mixed,0,0,2026-03-27T19:34:24.052389+00:00,20,4,0,32.0,44.0,1083.0,788.0,0.969998,0.2727272727272727,28.6,0.0,0.0,46.0,0.38345454545454544,flowing
obanikoro_2,Obanikoro,6.546634300000001,3.3669012,General,secondary,interchange,0,1,3,0.57,3,5,mixed,0,0,2026-03-27T19:34:34.734356+00:00,20,4,0,52.0,52.0,1177.0,1177.0,1.0,0.0,28.5,0.0,0.0,46.0,0.49339999999999995,moderate
iwaya_garage,Iwaya Garage,6.505861000000001,3.391235,General,local,standard,0,0,3,0.5,1,2,mixed,0,0,2026-03-27T19:34:42.247435+00:00,20,4,0,71.0,75.0,983.0,931.0,0.976351,0.053333333333333344,28.6,0.0,0.0,46.0,0.3308,flowing
empire_2,Empire,6.51826,3.36554,General,local,standard,0,0,3,0.5,1,2,mixed,0,0,2026-03-27T19:34:47.284903+00:00,20,4,0,29.0,43.0,1849.0,1247.0,0.971285,0.32558139534883723,28.6,0.0,0.0,46.0,0.39613953488372095,flowing
barracks,Barracks,6.505219,3.363804,General,local,standard,0,0,3,0.5,1,2,mixed,0,0,2026-03-27T19:34:51.935269+00:00,20,4,0,52.0,52.0,1177.0,1177.0,1.0,0.0,28.6,0.0,0.0,46.0,0.318,flowing
ap_club,Ap Club,6.499018,3.376046999999999,General,local,standard,0,0,3,0.5,1,2,mixed,0,0,2026-03-27T19:34:56.485997+00:00,20,4,0,33.0,49.0,1875.0,1263.0,0.859942,0.326530612244898,28.6,0.0,0.0,46.0,0.39636734693877546,flowing
church_2,Church,6.505691,3.38756,General,local,standard,0,0,3,0.5,1,2,residential,0,0,2026-03-27T19:35:00.788779+00:00,20,4,0,71.0,75.0,983.0,931.0,0.976351,0.053333333333333344,28.6,0.0,0.0,46.0,0.3308,flowing
cappa,Cappa,6.547649499999999,3.3549165,General,local,standard,0,0,3,0.5,1,2,mixed,0,0,2026-03-27T19:35:05.192584+00:00,20,4,0,32.0,44.0,1083.0,788.0,0.973455,0.2727272727272727,28.5,0.0,0.0,46.0,0.38345454545454544,flowing
fadeyi_2,Fadeyi,6.524166,3.367736,General,secondary,interchange,0,1,3,0.54,3,5,mixed,0,0,2026-03-27T19:35:10.416243+00:00,20,4,0,43.0,54.0,848.0,675.0,1.0,0.20370370370370372,28.5,0.0,0.0,46.0,0.5356888888888889,moderate
atunrase,Atunrase,6.51378,3.35761,General,local,standard,0,0,3,0.5,1,2,mixed,0,0,2026-03-27T19:35:13.789069+00:00,20,4,0,52.0,52.0,1177.0,1177.0,1.0,0.0,28.6,0.0,0.0,46.0,0.318,flowing
g_u_o_transport_maza_maza_terminal,G.U.O. Transport - Maza-Maza Terminal,6.459200099999999,3.3019669,General,local,terminal,1,0,4,0.68,3,5,mixed,0,0,2026-03-27T19:35:17.784102+00:00,20,4,0,39.0,50.0,1453.0,1133.0,0.941549,0.21999999999999997,28.7,0.0,0.0,46.0,0.5904,moderate
onipanu_3,Onipanu,6.533651099999999,3.3672085,General,secondary,interchange,0,1,3,0.56,3,5,mixed,0,0,2026-03-27T19:35:20.445104+00:00,20,4,0,52.0,52.0,1177.0,1177.0,1.0,0.0,28.5,0.0,0.0,46.0,0.4912,moderate
adesina,Adesina,6.53441,3.384873,General,local,standard,0,0,3,0.5,1,2,mixed,0,0,2026-03-27T19:35:24.959031+00:00,20,4,0,71.0,71.0,325.0,325.0,1.0,0.0,28.6,0.0,0.0,46.0,0.318,flowing
bariga,Bariga,6.537239999999999,3.392039999999999,General,local,standard,0,0,3,0.5,1,2,residential,0,0,2026-03-27T19:35:29.355581+00:00,20,4,0,71.0,75.0,983.0,931.0,0.976351,0.053333333333333344,28.6,0.0,0.0,46.0,0.3308,flowing
onike,Onike,6.509512,3.384132,General,local,standard,0,0,3,0.5,1,2,residential,0,0,2026-03-27T19:35:33.051502+00:00,20,4,0,71.0,75.0,983.0,931.0,0.976351,0.053333333333333344,28.6,0.0,0.0,46.0,0.3308,flowing
palmgrove,Palmgrove,6.541618,3.3674,General,secondary,interchange,0,1,3,0.55,3,5,mixed,0,0,2026-03-27T19:35:36.324973+00:00,20,4,0,42.0,54.0,868.0,675.0,1.0,0.2222222222222222,28.5,0.0,0.0,46.0,0.5423333333333333,moderate
oshodi_terminal,Oshodi Terminal,6.557,3.35,General,primary,terminal,1,1,5,0.9,3,5,mixed,0,0,2026-03-28T21:32:50.644227+00:00,22,5,1,69.0,69.0,694.0,694.0,1.0,0.0,28.8,0.0,0.0,100.0,0.506,moderate
mile_2,Mile 2,6.4698,3.3023,General,primary,terminal,1,1,5,0.85,3,5,market,1,0,2026-03-28T21:32:56.851147+00:00,22,5,1,61.0,61.0,1044.0,1044.0,1.0,0.0,28.9,0.0,0.0,100.0,0.555,moderate
ikeja_under_bridge,Ikeja Under Bridge,6.5958,3.3403,General,primary,interchange,0,1,4,0.6,3,5,business,0,1,2026-03-28T21:33:00.914996+00:00,22,5,1,21.0,31.0,12.0,8.0,0.99,0.32258064516129037,28.1,0.0,0.0,100.0,0.4774193548387097,moderate
ojota,Ojota,6.5952,3.3831,General,primary,interchange,0,1,4,0.7,3,5,mixed,0,0,2026-03-28T21:33:04.961608+00:00,22,5,1,41.0,41.0,28.0,28.0,1.0,0.0,28.2,0.0,0.0,100.0,0.362,flowing
berger,Berger,6.6349,3.3782,General,primary,interchange,0,1,3,0.55,3,5,mixed,0,0,2026-03-28T21:33:08.216416+00:00,22,5,1,73.0,73.0,1264.0,1264.0,1.0,0.0,28.3,0.0,0.0,100.0,0.329,flowing
cms_marina,CMS Marina,6.4505,3.3958,General,primary,terminal,1,1,2,0.4,3,5,business,0,1,2026-03-28T21:33:11.447973+00:00,22,5,1,75.0,75.0,931.0,931.0,0.97849,0.0,28.9,0.0,0.0,100.0,0.456,moderate
johnson_street,Johnson Street,6.54318,3.377831,General,local,standard,0,0,3,0.5,1,2,mixed,0,0,2026-03-28T21:33:19.524597+00:00,22,5,1,71.0,71.0,330.0,330.0,1.0,0.0,28.9,0.0,0.0,100.0,0.158,flowing
abule_oja,Abule Oja,6.517238,3.38274,General,local,standard,0,0,3,0.48,1,2,market,1,0,2026-03-28T21:33:53.904389+00:00,22,5,1,75.0,75.0,931.0,931.0,0.97849,0.0,28.9,0.0,0.0,100.0,0.2136,flowing
spencer_bus_station,Spencer Bus Station,6.502029100000001,3.377223,General,local,terminal,1,0,3,0.45,3,5,mixed,0,0,2026-03-28T21:34:21.380666+00:00,22,5,1,75.0,75.0,931.0,931.0,0.978749,0.0,28.9,0.0,0.0,100.0,0.327,flowing
iyana_oworo,Iyana Oworo,6.546217,3.3980625,General,local,interchange,0,1,3,0.52,3,5,mixed,0,0,2026-03-28T21:34:40.408013+00:00,22,5,1,74.0,74.0,996.0,996.0,1.0,0.0,28.9,0.0,0.0,100.0,0.3224,flowing
laide,Laide,6.539657,3.392462999999999,General,local,standard,0,0,3,0.5,1,2,mixed,0,0,2026-03-28T21:34:51.520205+00:00,22,5,1,75.0,75.0,931.0,931.0,0.978749,0.0,28.9,0.0,0.0,100.0,0.158,flowing
olorunsogo,Olorunsogo,6.5351119,3.3525065,General,local,standard,0,0,3,0.5,1,2,mixed,0,0,2026-03-28T21:35:05.744668+00:00,22,5,1,30.0,30.0,0.0,0.0,0.0,0.0,27.0,0.0,0.0,50.0,0.158,flowing
bajulaiye,Bajulaiye,6.533379,3.383108,General,local,standard,0,0,3,0.5,1,2,mixed,0,0,2026-03-28T21:35:42.685311+00:00,22,5,1,30.0,30.0,0.0,0.0,0.0,0.0,27.0,0.0,0.0,50.0,0.158,flowing
iyana_church,Iyana Church,6.501030000000001,3.38976,General,local,standard,0,0,3,0.5,1,2,residential,0,0,2026-03-28T21:35:49.193763+00:00,22,5,1,30.0,30.0,0.0,0.0,0.0,0.0,27.0,0.0,0.0,50.0,0.158,flowing
lawal,Lawal,6.514756999999999,3.35599,General,local,standard,0,0,3,0.5,1,2,mixed,0,0,2026-03-28T21:35:49.224269+00:00,22,5,1,30.0,30.0,0.0,0.0,0.0,0.0,27.0,0.0,0.0,50.0,0.158,flowing
st_timothy,St Timothy,6.507482,3.387555,General,local,standard,0,0,3,0.5,1,2,mixed,0,0,2026-03-28T21:35:49.253587+00:00,22,5,1,30.0,30.0,0.0,0.0,0.0,0.0,27.0,0.0,0.0,50.0,0.158,flowing
lady_lak,Lady Lak,6.539136999999999,3.384637,General,local,standard,0,0,3,0.5,1,2,mixed,0,0,2026-03-28T21:35:49.287794+00:00,22,5,1,30.0,30.0,0.0,0.0,0.0,0.0,27.0,0.0,0.0,50.0,0.158,flowing
alausa,Alausa,6.6174604,3.3594836,General,local,interchange,0,1,3,0.52,3,5,business,0,1,2026-03-28T21:35:49.311444+00:00,22,5,1,30.0,30.0,0.0,0.0,0.0,0.0,27.0,0.0,0.0,50.0,0.3824,flowing
gbagada,Gbagada,6.548821,3.388359,General,secondary,interchange,0,1,3,0.58,3,5,mixed,0,0,2026-03-28T21:35:49.322623+00:00,22,5,1,30.0,30.0,0.0,0.0,0.0,0.0,27.0,0.0,0.0,50.0,0.3356,flowing
unilag_gate_university_road,Unilag Gate (University Road),6.517602999999999,3.384831999999999,General,local,standard,0,0,3,0.5,1,2,education,0,0,2026-03-28T21:35:49.331636+00:00,22,5,1,30.0,30.0,0.0,0.0,0.0,0.0,27.0,0.0,0.0,50.0,0.158,flowing
chemist_bus_stop,Chemist Bus Stop,6.529058999999998,3.3804765,General,local,standard,0,0,3,0.5,1,2,mixed,0,0,2026-03-28T21:35:49.339665+00:00,22,5,1,30.0,30.0,0.0,0.0,0.0,0.0,27.0,0.0,0.0,50.0,0.158,flowing
waec_bus_station,WAEC Bus Station,6.517698800000001,3.371279200000001,General,local,terminal,1,0,3,0.5,3,5,mixed,0,0,2026-03-28T21:35:49.349191+00:00,22,5,1,30.0,30.0,0.0,0.0,0.0,0.0,27.0,0.0,0.0,50.0,0.338,flowing
abule_oja_2,Abule Oja,6.51703,3.381541,General,local,standard,0,0,3,0.48,1,2,market,1,0,2026-03-28T21:35:49.355654+00:00,22,5,1,30.0,30.0,0.0,0.0,0.0,0.0,27.0,0.0,0.0,50.0,0.2136,flowing
new_hall,New Hall,6.519029,3.392297,General,local,standard,0,0,3,0.5,1,2,education,0,0,2026-03-28T21:35:49.365629+00:00,22,5,1,30.0,30.0,0.0,0.0,0.0,0.0,27.0,0.0,0.0,50.0,0.158,flowing
iju_train_station,Iju Train Station,6.6610851,3.3200146,General,local,terminal,1,0,3,0.52,3,5,mixed,0,0,2026-03-28T21:35:49.371278+00:00,22,5,1,30.0,30.0,0.0,0.0,0.0,0.0,27.0,0.0,0.0,50.0,0.34240000000000004,flowing
okesuna,Okesuna,6.533609999999999,3.379921,General,local,standard,0,0,3,0.5,1,2,mixed,0,0,2026-03-28T21:35:49.376544+00:00,22,5,1,30.0,30.0,0.0,0.0,0.0,0.0,27.0,0.0,0.0,50.0,0.158,flowing
yabatech_main_gate,Yabatech Main Gate,6.519164,3.371761,General,secondary,standard,0,0,3,0.5,1,2,education,0,0,2026-03-28T21:35:49.385298+00:00,22,5,1,30.0,30.0,0.0,0.0,0.0,0.0,27.0,0.0,0.0,50.0,0.158,flowing
abidoun,Abidoun,6.499777,3.388271,General,local,standard,0,0,3,0.5,1,2,mixed,0,0,2026-03-28T21:35:49.396308+00:00,22,5,1,30.0,30.0,0.0,0.0,0.0,0.0,27.0,0.0,0.0,50.0,0.158,flowing
mushin,Mushin,6.529851699999998,3.353364999999999,General,local,interchange,0,1,4,0.6,3,5,market,1,0,2026-03-28T21:35:49.405423+00:00,22,5,1,30.0,30.0,0.0,0.0,0.0,0.0,27.0,0.0,0.0,50.0,0.4,moderate
olosha_bus_stop,Olosha Bus Stop,6.526432,3.358003,General,local,standard,0,0,3,0.5,1,2,mixed,0,0,2026-03-28T21:35:49.415221+00:00,22,5,1,30.0,30.0,0.0,0.0,0.0,0.0,27.0,0.0,0.0,50.0,0.158,flowing
jibowu_bus_stop,Jibowu Bus Stop,6.519979999999999,3.367309,General,local,interchange,0,1,3,0.56,3,5,mixed,0,0,2026-03-28T21:35:49.423331+00:00,22,5,1,30.0,30.0,0.0,0.0,0.0,0.0,27.0,0.0,0.0,50.0,0.33120000000000005,flowing
ayilara,Ayilara,6.510533000000001,3.36117,General,local,standard,0,0,3,0.5,1,2,mixed,0,0,2026-03-28T21:35:49.432181+00:00,22,5,1,30.0,30.0,0.0,0.0,0.0,0.0,27.0,0.0,0.0,50.0,0.158,flowing
alagomeji,Alagomeji,6.499767,3.378309,General,local,standard,0,0,3,0.5,1,2,mixed,0,0,2026-03-28T21:35:49.439900+00:00,22,5,1,30.0,30.0,0.0,0.0,0.0,0.0,27.0,0.0,0.0,50.0,0.158,flowing
alagomeji_bus_station,Alagomeji Bus Station,6.4997771,3.3781725,General,local,terminal,1,0,3,0.5,3,5,mixed,0,0,2026-03-28T21:35:49.448409+00:00,22,5,1,30.0,30.0,0.0,0.0,0.0,0.0,27.0,0.0,0.0,50.0,0.338,flowing
onipanu,Onipanu,6.532926000000001,3.367368,General,secondary,interchange,0,1,3,0.56,3,5,mixed,0,0,2026-03-28T21:35:49.455518+00:00,22,5,1,30.0,30.0,0.0,0.0,0.0,0.0,27.0,0.0,0.0,50.0,0.33120000000000005,flowing
onipanu_2,Onipanu,6.532806000000001,3.3671,General,secondary,interchange,0,1,3,0.56,3,5,mixed,0,0,2026-03-28T21:35:49.468723+00:00,22,5,1,30.0,30.0,0.0,0.0,0.0,0.0,27.0,0.0,0.0,50.0,0.33120000000000005,flowing
palmgrove_bariga,Palmgrove Bariga,6.541820999999999,3.368328,General,secondary,interchange,0,1,3,0.55,3,5,residential,0,0,2026-03-28T21:35:49.480480+00:00,22,5,1,30.0,30.0,0.0,0.0,0.0,0.0,27.0,0.0,0.0,50.0,0.329,flowing
igbobi,Igbobi,6.530229,3.367605,General,local,standard,0,0,3,0.5,1,2,mixed,0,0,2026-03-28T21:35:49.488548+00:00,22,5,1,30.0,30.0,0.0,0.0,0.0,0.0,27.0,0.0,0.0,50.0,0.158,flowing
charly_boy_bus_stop,Charly Boy Bus Stop,6.548371899999999,3.3787432,General,local,interchange,0,1,3,0.5,3,5,mixed,0,0,2026-03-28T21:35:49.497463+00:00,22,5,1,30.0,30.0,0.0,0.0,0.0,0.0,27.0,0.0,0.0,50.0,0.318,flowing
unilag_shuttle_bariga,Unilag Shuttle Bariga,6.534617999999999,3.391877999999999,General,local,standard,0,0,3,0.5,1,2,education,0,0,2026-03-28T21:35:49.505575+00:00,22,5,1,30.0,30.0,0.0,0.0,0.0,0.0,27.0,0.0,0.0,50.0,0.158,flowing
idi_araba,Idi Araba,6.516742,3.354085,General,local,standard,0,0,3,0.5,1,2,mixed,0,0,2026-03-28T21:35:49.515661+00:00,22,5,1,30.0,30.0,0.0,0.0,0.0,0.0,27.0,0.0,0.0,50.0,0.158,flowing
underbridge_mosalashi,Underbridge (Mosalashi),6.517128,3.368726,General,local,standard,0,0,3,0.5,1,2,mixed,0,0,2026-03-28T21:35:49.521261+00:00,22,5,1,30.0,30.0,0.0,0.0,0.0,0.0,27.0,0.0,0.0,50.0,0.158,flowing
yaba_station,Yaba Station,6.510681999999999,3.370865999999999,General,secondary,interchange,0,1,4,0.65,3,5,mixed,0,0,2026-03-28T21:35:49.530145+00:00,22,5,1,30.0,30.0,0.0,0.0,0.0,0.0,27.0,0.0,0.0,50.0,0.35100000000000003,flowing
ojuelegba,Ojuelegba,6.511566999999999,3.363344999999999,General,primary,interchange,0,1,4,0.62,3,5,mixed,0,0,2026-03-28T21:35:49.542386+00:00,22,5,1,30.0,30.0,0.0,0.0,0.0,0.0,27.0,0.0,0.0,50.0,0.3444,flowing
muritala,Muritala,6.543013999999999,3.393567999999999,General,local,standard,0,0,3,0.5,1,2,mixed,0,0,2026-03-28T21:35:49.554690+00:00,22,5,1,30.0,30.0,0.0,0.0,0.0,0.0,27.0,0.0,0.0,50.0,0.158,flowing
nsik_motors_limited_aktc_ojuelegba,"Nsik Motors Limited (Aktc), Ojuelegba",6.510032000000001,3.3623336,General,primary,standard,0,0,3,0.5,1,2,mixed,0,0,2026-03-28T21:35:49.588270+00:00,22,5,1,30.0,30.0,0.0,0.0,0.0,0.0,27.0,0.0,0.0,50.0,0.158,flowing
church,Church,6.530596999999999,3.378789,General,local,standard,0,0,3,0.5,1,2,residential,0,0,2026-03-28T21:35:49.598644+00:00,22,5,1,30.0,30.0,0.0,0.0,0.0,0.0,27.0,0.0,0.0,50.0,0.158,flowing
unilag_gate_akoka_road,Unilag Gate (Akoka Road),6.517867000000001,3.384795,General,local,standard,0,0,3,0.5,1,2,education,0,0,2026-03-28T21:35:49.606245+00:00,22,5,1,30.0,30.0,0.0,0.0,0.0,0.0,27.0,0.0,0.0,50.0,0.158,flowing
obanikoro,Obanikoro,6.546717999999998,3.367314,General,secondary,interchange,0,1,3,0.57,3,5,mixed,0,0,2026-03-28T21:35:49.616419+00:00,22,5,1,30.0,30.0,0.0,0.0,0.0,0.0,27.0,0.0,0.0,50.0,0.3334,flowing
sungas,Sungas,6.535856999999999,3.38897,General,local,standard,0,0,3,0.5,1,2,mixed,0,0,2026-03-28T21:35:49.623261+00:00,22,5,1,30.0,30.0,0.0,0.0,0.0,0.0,27.0,0.0,0.0,50.0,0.158,flowing
ojuelegba_bus_station,Ojuelegba Bus Station,6.510317,3.3626533,General,primary,terminal,1,1,4,0.62,3,5,mixed,0,0,2026-03-28T21:35:49.632101+00:00,22,5,1,30.0,30.0,0.0,0.0,0.0,0.0,27.0,0.0,0.0,50.0,0.4444,moderate
mfm_gate,Mfm Gate,6.509885,3.385634,General,local,standard,0,0,3,0.5,1,2,mixed,0,0,2026-03-28T21:35:49.638792+00:00,22,5,1,30.0,30.0,0.0,0.0,0.0,0.0,27.0,0.0,0.0,50.0,0.158,flowing
alade_bus_stop,Alade Bus Stop,6.6019546,3.3538821,General,local,standard,0,0,3,0.5,1,2,mixed,0,0,2026-03-28T21:35:49.643390+00:00,22,5,1,30.0,30.0,0.0,0.0,0.0,0.0,27.0,0.0,0.0,50.0,0.158,flowing
ibidun,Ibidun,6.51072,3.360529999999999,General,local,standard,0,0,3,0.5,1,2,mixed,0,0,2026-03-28T21:35:49.650784+00:00,22,5,1,30.0,30.0,0.0,0.0,0.0,0.0,27.0,0.0,0.0,50.0,0.158,flowing
st_finbarrs,St Finbarrs,6.522098,3.385506,General,local,standard,0,0,3,0.5,1,2,mixed,0,0,2026-03-28T21:35:49.656717+00:00,22,5,1,30.0,30.0,0.0,0.0,0.0,0.0,27.0,0.0,0.0,50.0,0.158,flowing
unilag,Unilag,6.517568199999999,3.3855674,General,local,standard,0,0,3,0.5,1,2,education,0,0,2026-03-28T21:35:49.663798+00:00,22,5,1,30.0,30.0,0.0,0.0,0.0,0.0,27.0,0.0,0.0,50.0,0.158,flowing
gbagada_2,Gbagada,6.5491486,3.3881944,General,secondary,interchange,0,1,3,0.58,3,5,mixed,0,0,2026-03-28T21:35:49.671298+00:00,22,5,1,30.0,30.0,0.0,0.0,0.0,0.0,27.0,0.0,0.0,50.0,0.3356,flowing
fadeyi_bus_stop,Fadeyi Bus Stop,6.522983799999999,3.3678074,General,secondary,interchange,0,1,3,0.54,3,5,mixed,0,0,2026-03-28T21:35:49.676214+00:00,22,5,1,30.0,30.0,0.0,0.0,0.0,0.0,27.0,0.0,0.0,50.0,0.32680000000000003,flowing
ojuelegba_2,Ojuelegba,6.510960600000001,3.362959,General,primary,interchange,0,1,4,0.62,3,5,mixed,0,0,2026-03-28T21:35:49.680843+00:00,22,5,1,30.0,30.0,0.0,0.0,0.0,0.0,27.0,0.0,0.0,50.0,0.3444,flowing
sport_centre,Sport Centre,6.517343999999999,3.387760999999999,General,local,standard,0,0,3,0.5,1,2,education,0,0,2026-03-28T21:35:49.686309+00:00,22,5,1,30.0,30.0,0.0,0.0,0.0,0.0,27.0,0.0,0.0,50.0,0.158,flowing
temple,Temple,6.540592,3.392753,General,local,standard,0,0,3,0.5,1,2,mixed,0,0,2026-03-28T21:35:49.692782+00:00,22,5,1,30.0,30.0,0.0,0.0,0.0,0.0,27.0,0.0,0.0,50.0,0.158,flowing
fadeyi,Fadeyi,6.523944999999999,3.367264,General,secondary,interchange,0,1,3,0.54,3,5,mixed,0,0,2026-03-28T21:35:49.698142+00:00,22,5,1,30.0,30.0,0.0,0.0,0.0,0.0,27.0,0.0,0.0,50.0,0.32680000000000003,flowing
somolu_oja_market,Somolu Oja (Market),6.533655999999999,3.376522,General,local,standard,0,0,3,0.5,1,2,market,1,0,2026-03-28T21:35:49.702656+00:00,22,5,1,30.0,30.0,0.0,0.0,0.0,0.0,27.0,0.0,0.0,50.0,0.218,flowing
anthony,Anthony,6.5583349,3.3669222,General,local,interchange,0,1,3,0.5,3,5,mixed,0,0,2026-03-28T21:35:49.709455+00:00,22,5,1,30.0,30.0,0.0,0.0,0.0,0.0,27.0,0.0,0.0,50.0,0.318,flowing
adekunle_bus_stop,Adekunle Bus Stop,6.492854899999999,3.3785775,General,local,standard,0,0,3,0.46,1,2,mixed,0,0,2026-03-28T21:35:49.714761+00:00,22,5,1,30.0,30.0,0.0,0.0,0.0,0.0,27.0,0.0,0.0,50.0,0.1492,flowing
spencer,Spencer,6.502256,3.377359,General,local,standard,0,0,3,0.5,1,2,mixed,0,0,2026-03-28T21:35:49.719518+00:00,22,5,1,30.0,30.0,0.0,0.0,0.0,0.0,27.0,0.0,0.0,50.0,0.158,flowing
st_agnes,St Agnes,6.511242,3.377295,General,local,standard,0,0,3,0.5,1,2,residential,0,0,2026-03-28T21:35:49.725405+00:00,22,5,1,30.0,30.0,0.0,0.0,0.0,0.0,27.0,0.0,0.0,50.0,0.158,flowing
empire,Empire,6.518226899999999,3.365297,General,local,standard,0,0,3,0.5,1,2,mixed,0,0,2026-03-28T21:35:49.733728+00:00,22,5,1,30.0,30.0,0.0,0.0,0.0,0.0,27.0,0.0,0.0,50.0,0.158,flowing
obanikoro_2,Obanikoro,6.546634300000001,3.3669012,General,secondary,interchange,0,1,3,0.57,3,5,mixed,0,0,2026-03-28T21:35:49.742857+00:00,22,5,1,30.0,30.0,0.0,0.0,0.0,0.0,27.0,0.0,0.0,50.0,0.3334,flowing
iwaya_garage,Iwaya Garage,6.505861000000001,3.391235,General,local,standard,0,0,3,0.5,1,2,mixed,0,0,2026-03-28T21:35:49.751749+00:00,22,5,1,30.0,30.0,0.0,0.0,0.0,0.0,27.0,0.0,0.0,50.0,0.158,flowing
empire_2,Empire,6.51826,3.36554,General,local,standard,0,0,3,0.5,1,2,mixed,0,0,2026-03-28T21:35:49.758710+00:00,22,5,1,30.0,30.0,0.0,0.0,0.0,0.0,27.0,0.0,0.0,50.0,0.158,flowing
barracks,Barracks,6.505219,3.363804,General,local,standard,0,0,3,0.5,1,2,mixed,0,0,2026-03-28T21:35:49.763533+00:00,22,5,1,30.0,30.0,0.0,0.0,0.0,0.0,27.0,0.0,0.0,50.0,0.158,flowing
ap_club,Ap Club,6.499018,3.376046999999999,General,local,standard,0,0,3,0.5,1,2,mixed,0,0,2026-03-28T21:35:49.772704+00:00,22,5,1,30.0,30.0,0.0,0.0,0.0,0.0,27.0,0.0,0.0,50.0,0.158,flowing
church_2,Church,6.505691,3.38756,General,local,standard,0,0,3,0.5,1,2,residential,0,0,2026-03-28T21:35:49.782804+00:00,22,5,1,30.0,30.0,0.0,0.0,0.0,0.0,27.0,0.0,0.0,50.0,0.158,flowing
cappa,Cappa,6.547649499999999,3.3549165,General,local,standard,0,0,3,0.5,1,2,mixed,0,0,2026-03-28T21:35:49.791476+00:00,22,5,1,30.0,30.0,0.0,0.0,0.0,0.0,27.0,0.0,0.0,50.0,0.158,flowing
fadeyi_2,Fadeyi,6.524166,3.367736,General,secondary,interchange,0,1,3,0.54,3,5,mixed,0,0,2026-03-28T21:35:49.800817+00:00,22,5,1,30.0,30.0,0.0,0.0,0.0,0.0,27.0,0.0,0.0,50.0,0.32680000000000003,flowing
atunrase,Atunrase,6.51378,3.35761,General,local,standard,0,0,3,0.5,1,2,mixed,0,0,2026-03-28T21:35:49.808983+00:00,22,5,1,30.0,30.0,0.0,0.0,0.0,0.0,27.0,0.0,0.0,50.0,0.158,flowing
g_u_o_transport_maza_maza_terminal,G.U.O. Transport - Maza-Maza Terminal,6.459200099999999,3.3019669,General,local,terminal,1,0,4,0.68,3,5,mixed,0,0,2026-03-28T21:35:49.817894+00:00,22,5,1,30.0,30.0,0.0,0.0,0.0,0.0,27.0,0.0,0.0,50.0,0.37760000000000005,flowing
onipanu_3,Onipanu,6.533651099999999,3.3672085,General,secondary,interchange,0,1,3,0.56,3,5,mixed,0,0,2026-03-28T21:35:49.827051+00:00,22,5,1,30.0,30.0,0.0,0.0,0.0,0.0,27.0,0.0,0.0,50.0,0.33120000000000005,flowing
adesina,Adesina,6.53441,3.384873,General,local,standard,0,0,3,0.5,1,2,mixed,0,0,2026-03-28T21:35:49.833837+00:00,22,5,1,30.0,30.0,0.0,0.0,0.0,0.0,27.0,0.0,0.0,50.0,0.158,flowing
bariga,Bariga,6.537239999999999,3.392039999999999,General,local,standard,0,0,3,0.5,1,2,residential,0,0,2026-03-28T21:35:49.840435+00:00,22,5,1,30.0,30.0,0.0,0.0,0.0,0.0,27.0,0.0,0.0,50.0,0.158,flowing
onike,Onike,6.509512,3.384132,General,local,standard,0,0,3,0.5,1,2,residential,0,0,2026-03-28T21:35:49.846521+00:00,22,5,1,30.0,30.0,0.0,0.0,0.0,0.0,27.0,0.0,0.0,50.0,0.158,flowing
palmgrove,Palmgrove,6.541618,3.3674,General,secondary,interchange,0,1,3,0.55,3,5,mixed,0,0,2026-03-28T21:35:49.852625+00:00,22,5,1,30.0,30.0,0.0,0.0,0.0,0.0,27.0,0.0,0.0,50.0,0.329,flowing
oshodi_terminal,Oshodi Terminal,6.557,3.35,General,primary,terminal,1,1,5,0.9,3,5,mixed,0,0,2026-03-30T13:27:23.384988+00:00,14,0,0,30.0,30.0,0.0,0.0,0.0,0.0,27.0,0.0,0.0,50.0,0.506,moderate
mile_2,Mile 2,6.4698,3.3023,General,primary,terminal,1,1,5,0.85,3,5,market,1,0,2026-03-30T13:27:23.396777+00:00,14,0,0,30.0,30.0,0.0,0.0,0.0,0.0,27.0,0.0,0.0,50.0,0.555,moderate
ikeja_under_bridge,Ikeja Under Bridge,6.5958,3.3403,General,primary,interchange,0,1,4,0.6,3,5,business,0,1,2026-03-30T13:27:23.399885+00:00,14,0,0,30.0,30.0,0.0,0.0,0.0,0.0,27.0,0.0,0.0,50.0,0.4,moderate
ojota,Ojota,6.5952,3.3831,General,primary,interchange,0,1,4,0.7,3,5,mixed,0,0,2026-03-30T13:27:23.403037+00:00,14,0,0,30.0,30.0,0.0,0.0,0.0,0.0,27.0,0.0,0.0,50.0,0.362,flowing
berger,Berger,6.6349,3.3782,General,primary,interchange,0,1,3,0.55,3,5,mixed,0,0,2026-03-30T13:27:23.406019+00:00,14,0,0,30.0,30.0,0.0,0.0,0.0,0.0,27.0,0.0,0.0,50.0,0.329,flowing
cms_marina,CMS Marina,6.4505,3.3958,General,primary,terminal,1,1,2,0.4,3,5,business,0,1,2026-03-30T13:27:23.409468+00:00,14,0,0,30.0,30.0,0.0,0.0,0.0,0.0,27.0,0.0,0.0,50.0,0.456,moderate
johnson_street,Johnson Street,6.54318,3.377831,General,local,standard,0,0,3,0.5,1,2,mixed,0,0,2026-03-30T13:27:23.413768+00:00,14,0,0,30.0,30.0,0.0,0.0,0.0,0.0,27.0,0.0,0.0,50.0,0.158,flowing
abule_oja,Abule Oja,6.517238,3.38274,General,local,standard,0,0,3,0.48,1,2,market,1,0,2026-03-30T13:27:23.417939+00:00,14,0,0,30.0,30.0,0.0,0.0,0.0,0.0,27.0,0.0,0.0,50.0,0.2136,flowing
spencer_bus_station,Spencer Bus Station,6.502029100000001,3.377223,General,local,terminal,1,0,3,0.45,3,5,mixed,0,0,2026-03-30T13:27:23.421030+00:00,14,0,0,30.0,30.0,0.0,0.0,0.0,0.0,27.0,0.0,0.0,50.0,0.327,flowing
iyana_oworo,Iyana Oworo,6.546217,3.3980625,General,local,interchange,0,1,3,0.52,3,5,mixed,0,0,2026-03-30T13:27:23.424161+00:00,14,0,0,30.0,30.0,0.0,0.0,0.0,0.0,27.0,0.0,0.0,50.0,0.3224,flowing
laide,Laide,6.539657,3.392462999999999,General,local,standard,0,0,3,0.5,1,2,mixed,0,0,2026-03-30T13:27:23.427134+00:00,14,0,0,30.0,30.0,0.0,0.0,0.0,0.0,27.0,0.0,0.0,50.0,0.158,flowing
olorunsogo,Olorunsogo,6.5351119,3.3525065,General,local,standard,0,0,3,0.5,1,2,mixed,0,0,2026-03-30T13:27:23.430167+00:00,14,0,0,30.0,30.0,0.0,0.0,0.0,0.0,27.0,0.0,0.0,50.0,0.158,flowing
bajulaiye,Bajulaiye,6.533379,3.383108,General,local,standard,0,0,3,0.5,1,2,mixed,0,0,2026-03-30T13:27:23.433146+00:00,14,0,0,30.0,30.0,0.0,0.0,0.0,0.0,27.0,0.0,0.0,50.0,0.158,flowing
iyana_church,Iyana Church,6.501030000000001,3.38976,General,local,standard,0,0,3,0.5,1,2,residential,0,0,2026-03-30T13:27:23.436099+00:00,14,0,0,30.0,30.0,0.0,0.0,0.0,0.0,27.0,0.0,0.0,50.0,0.158,flowing
lawal,Lawal,6.514756999999999,3.35599,General,local,standard,0,0,3,0.5,1,2,mixed,0,0,2026-03-30T13:27:23.439336+00:00,14,0,0,30.0,30.0,0.0,0.0,0.0,0.0,27.0,0.0,0.0,50.0,0.158,flowing
st_timothy,St Timothy,6.507482,3.387555,General,local,standard,0,0,3,0.5,1,2,mixed,0,0,2026-03-30T13:27:23.442769+00:00,14,0,0,30.0,30.0,0.0,0.0,0.0,0.0,27.0,0.0,0.0,50.0,0.158,flowing
lady_lak,Lady Lak,6.539136999999999,3.384637,General,local,standard,0,0,3,0.5,1,2,mixed,0,0,2026-03-30T13:27:23.445685+00:00,14,0,0,30.0,30.0,0.0,0.0,0.0,0.0,27.0,0.0,0.0,50.0,0.158,flowing
alausa,Alausa,6.6174604,3.3594836,General,local,interchange,0,1,3,0.52,3,5,business,0,1,2026-03-30T13:27:23.448682+00:00,14,0,0,30.0,30.0,0.0,0.0,0.0,0.0,27.0,0.0,0.0,50.0,0.3824,flowing
gbagada,Gbagada,6.548821,3.388359,General,secondary,interchange,0,1,3,0.58,3,5,mixed,0,0,2026-03-30T13:27:23.451842+00:00,14,0,0,30.0,30.0,0.0,0.0,0.0,0.0,27.0,0.0,0.0,50.0,0.3356,flowing
unilag_gate_university_road,Unilag Gate (University Road),6.517602999999999,3.384831999999999,General,local,standard,0,0,3,0.5,1,2,education,0,0,2026-03-30T13:27:23.454809+00:00,14,0,0,30.0,30.0,0.0,0.0,0.0,0.0,27.0,0.0,0.0,50.0,0.158,flowing
chemist_bus_stop,Chemist Bus Stop,6.529058999999998,3.3804765,General,local,standard,0,0,3,0.5,1,2,mixed,0,0,2026-03-30T13:27:23.457920+00:00,14,0,0,30.0,30.0,0.0,0.0,0.0,0.0,27.0,0.0,0.0,50.0,0.158,flowing
waec_bus_station,WAEC Bus Station,6.517698800000001,3.371279200000001,General,local,terminal,1,0,3,0.5,3,5,mixed,0,0,2026-03-30T13:27:23.461063+00:00,14,0,0,30.0,30.0,0.0,0.0,0.0,0.0,27.0,0.0,0.0,50.0,0.338,flowing
abule_oja_2,Abule Oja,6.51703,3.381541,General,local,standard,0,0,3,0.48,1,2,market,1,0,2026-03-30T13:27:23.464039+00:00,14,0,0,30.0,30.0,0.0,0.0,0.0,0.0,27.0,0.0,0.0,50.0,0.2136,flowing
new_hall,New Hall,6.519029,3.392297,General,local,standard,0,0,3,0.5,1,2,education,0,0,2026-03-30T13:27:23.466985+00:00,14,0,0,30.0,30.0,0.0,0.0,0.0,0.0,27.0,0.0,0.0,50.0,0.158,flowing
iju_train_station,Iju Train Station,6.6610851,3.3200146,General,local,terminal,1,0,3,0.52,3,5,mixed,0,0,2026-03-30T13:27:23.470183+00:00,14,0,0,30.0,30.0,0.0,0.0,0.0,0.0,27.0,0.0,0.0,50.0,0.34240000000000004,flowing
okesuna,Okesuna,6.533609999999999,3.379921,General,local,standard,0,0,3,0.5,1,2,mixed,0,0,2026-03-30T13:27:23.473265+00:00,14,0,0,30.0,30.0,0.0,0.0,0.0,0.0,27.0,0.0,0.0,50.0,0.158,flowing
yabatech_main_gate,Yabatech Main Gate,6.519164,3.371761,General,secondary,standard,0,0,3,0.5,1,2,education,0,0,2026-03-30T13:27:23.476363+00:00,14,0,0,30.0,30.0,0.0,0.0,0.0,0.0,27.0,0.0,0.0,50.0,0.158,flowing
abidoun,Abidoun,6.499777,3.388271,General,local,standard,0,0,3,0.5,1,2,mixed,0,0,2026-03-30T13:27:23.479306+00:00,14,0,0,30.0,30.0,0.0,0.0,0.0,0.0,27.0,0.0,0.0,50.0,0.158,flowing
mushin,Mushin,6.529851699999998,3.353364999999999,General,local,interchange,0,1,4,0.6,3,5,market,1,0,2026-03-30T13:27:23.482287+00:00,14,0,0,30.0,30.0,0.0,0.0,0.0,0.0,27.0,0.0,0.0,50.0,0.4,moderate
olosha_bus_stop,Olosha Bus Stop,6.526432,3.358003,General,local,standard,0,0,3,0.5,1,2,mixed,0,0,2026-03-30T13:27:23.485325+00:00,14,0,0,30.0,30.0,0.0,0.0,0.0,0.0,27.0,0.0,0.0,50.0,0.158,flowing
jibowu_bus_stop,Jibowu Bus Stop,6.519979999999999,3.367309,General,local,interchange,0,1,3,0.56,3,5,mixed,0,0,2026-03-30T13:27:23.488431+00:00,14,0,0,30.0,30.0,0.0,0.0,0.0,0.0,27.0,0.0,0.0,50.0,0.33120000000000005,flowing
ayilara,Ayilara,6.510533000000001,3.36117,General,local,standard,0,0,3,0.5,1,2,mixed,0,0,2026-03-30T13:27:23.491546+00:00,14,0,0,30.0,30.0,0.0,0.0,0.0,0.0,27.0,0.0,0.0,50.0,0.158,flowing
alagomeji,Alagomeji,6.499767,3.378309,General,local,standard,0,0,3,0.5,1,2,mixed,0,0,2026-03-30T13:27:23.494676+00:00,14,0,0,30.0,30.0,0.0,0.0,0.0,0.0,27.0,0.0,0.0,50.0,0.158,flowing
alagomeji_bus_station,Alagomeji Bus Station,6.4997771,3.3781725,General,local,terminal,1,0,3,0.5,3,5,mixed,0,0,2026-03-30T13:27:23.497614+00:00,14,0,0,30.0,30.0,0.0,0.0,0.0,0.0,27.0,0.0,0.0,50.0,0.338,flowing
onipanu,Onipanu,6.532926000000001,3.367368,General,secondary,interchange,0,1,3,0.56,3,5,mixed,0,0,2026-03-30T13:27:23.500806+00:00,14,0,0,30.0,30.0,0.0,0.0,0.0,0.0,27.0,0.0,0.0,50.0,0.33120000000000005,flowing
onipanu_2,Onipanu,6.532806000000001,3.3671,General,secondary,interchange,0,1,3,0.56,3,5,mixed,0,0,2026-03-30T13:27:23.503789+00:00,14,0,0,30.0,30.0,0.0,0.0,0.0,0.0,27.0,0.0,0.0,50.0,0.33120000000000005,flowing
palmgrove_bariga,Palmgrove Bariga,6.541820999999999,3.368328,General,secondary,interchange,0,1,3,0.55,3,5,residential,0,0,2026-03-30T13:27:23.506673+00:00,14,0,0,30.0,30.0,0.0,0.0,0.0,0.0,27.0,0.0,0.0,50.0,0.329,flowing
igbobi,Igbobi,6.530229,3.367605,General,local,standard,0,0,3,0.5,1,2,mixed,0,0,2026-03-30T13:27:23.509686+00:00,14,0,0,30.0,30.0,0.0,0.0,0.0,0.0,27.0,0.0,0.0,50.0,0.158,flowing
charly_boy_bus_stop,Charly Boy Bus Stop,6.548371899999999,3.3787432,General,local,interchange,0,1,3,0.5,3,5,mixed,0,0,2026-03-30T13:27:23.512823+00:00,14,0,0,30.0,30.0,0.0,0.0,0.0,0.0,27.0,0.0,0.0,50.0,0.318,flowing
unilag_shuttle_bariga,Unilag Shuttle Bariga,6.534617999999999,3.391877999999999,General,local,standard,0,0,3,0.5,1,2,education,0,0,2026-03-30T13:27:23.515799+00:00,14,0,0,30.0,30.0,0.0,0.0,0.0,0.0,27.0,0.0,0.0,50.0,0.158,flowing
idi_araba,Idi Araba,6.516742,3.354085,General,local,standard,0,0,3,0.5,1,2,mixed,0,0,2026-03-30T13:27:23.518785+00:00,14,0,0,30.0,30.0,0.0,0.0,0.0,0.0,27.0,0.0,0.0,50.0,0.158,flowing
underbridge_mosalashi,Underbridge (Mosalashi),6.517128,3.368726,General,local,standard,0,0,3,0.5,1,2,mixed,0,0,2026-03-30T13:27:23.521809+00:00,14,0,0,30.0,30.0,0.0,0.0,0.0,0.0,27.0,0.0,0.0,50.0,0.158,flowing
yaba_station,Yaba Station,6.510681999999999,3.370865999999999,General,secondary,interchange,0,1,4,0.65,3,5,mixed,0,0,2026-03-30T13:27:23.524813+00:00,14,0,0,30.0,30.0,0.0,0.0,0.0,0.0,27.0,0.0,0.0,50.0,0.35100000000000003,flowing
ojuelegba,Ojuelegba,6.511566999999999,3.363344999999999,General,primary,interchange,0,1,4,0.62,3,5,mixed,0,0,2026-03-30T13:27:23.527796+00:00,14,0,0,30.0,30.0,0.0,0.0,0.0,0.0,27.0,0.0,0.0,50.0,0.3444,flowing
muritala,Muritala,6.543013999999999,3.393567999999999,General,local,standard,0,0,3,0.5,1,2,mixed,0,0,2026-03-30T13:27:23.531061+00:00,14,0,0,30.0,30.0,0.0,0.0,0.0,0.0,27.0,0.0,0.0,50.0,0.158,flowing
nsik_motors_limited_aktc_ojuelegba,"Nsik Motors Limited (Aktc), Ojuelegba",6.510032000000001,3.3623336,General,primary,standard,0,0,3,0.5,1,2,mixed,0,0,2026-03-30T13:27:23.534112+00:00,14,0,0,30.0,30.0,0.0,0.0,0.0,0.0,27.0,0.0,0.0,50.0,0.158,flowing
church,Church,6.530596999999999,3.378789,General,local,standard,0,0,3,0.5,1,2,residential,0,0,2026-03-30T13:27:23.537070+00:00,14,0,0,30.0,30.0,0.0,0.0,0.0,0.0,27.0,0.0,0.0,50.0,0.158,flowing
unilag_gate_akoka_road,Unilag Gate (Akoka Road),6.517867000000001,3.384795,General,local,standard,0,0,3,0.5,1,2,education,0,0,2026-03-30T13:27:23.540061+00:00,14,0,0,30.0,30.0,0.0,0.0,0.0,0.0,27.0,0.0,0.0,50.0,0.158,flowing
obanikoro,Obanikoro,6.546717999999998,3.367314,General,secondary,interchange,0,1,3,0.57,3,5,mixed,0,0,2026-03-30T13:27:23.543564+00:00,14,0,0,30.0,30.0,0.0,0.0,0.0,0.0,27.0,0.0,0.0,50.0,0.3334,flowing
sungas,Sungas,6.535856999999999,3.38897,General,local,standard,0,0,3,0.5,1,2,mixed,0,0,2026-03-30T13:27:23.546626+00:00,14,0,0,30.0,30.0,0.0,0.0,0.0,0.0,27.0,0.0,0.0,50.0,0.158,flowing
ojuelegba_bus_station,Ojuelegba Bus Station,6.510317,3.3626533,General,primary,terminal,1,1,4,0.62,3,5,mixed,0,0,2026-03-30T13:27:23.550245+00:00,14,0,0,30.0,30.0,0.0,0.0,0.0,0.0,27.0,0.0,0.0,50.0,0.4444,moderate
mfm_gate,Mfm Gate,6.509885,3.385634,General,local,standard,0,0,3,0.5,1,2,mixed,0,0,2026-03-30T13:27:23.553447+00:00,14,0,0,30.0,30.0,0.0,0.0,0.0,0.0,27.0,0.0,0.0,50.0,0.158,flowing
alade_bus_stop,Alade Bus Stop,6.6019546,3.3538821,General,local,standard,0,0,3,0.5,1,2,mixed,0,0,2026-03-30T13:27:23.556430+00:00,14,0,0,30.0,30.0,0.0,0.0,0.0,0.0,27.0,0.0,0.0,50.0,0.158,flowing
ibidun,Ibidun,6.51072,3.360529999999999,General,local,standard,0,0,3,0.5,1,2,mixed,0,0,2026-03-30T13:27:23.559817+00:00,14,0,0,30.0,30.0,0.0,0.0,0.0,0.0,27.0,0.0,0.0,50.0,0.158,flowing
st_finbarrs,St Finbarrs,6.522098,3.385506,General,local,standard,0,0,3,0.5,1,2,mixed,0,0,2026-03-30T13:27:23.562969+00:00,14,0,0,30.0,30.0,0.0,0.0,0.0,0.0,27.0,0.0,0.0,50.0,0.158,flowing
unilag,Unilag,6.517568199999999,3.3855674,General,local,standard,0,0,3,0.5,1,2,education,0,0,2026-03-30T13:27:23.565892+00:00,14,0,0,30.0,30.0,0.0,0.0,0.0,0.0,27.0,0.0,0.0,50.0,0.158,flowing
gbagada_2,Gbagada,6.5491486,3.3881944,General,secondary,interchange,0,1,3,0.58,3,5,mixed,0,0,2026-03-30T13:27:23.568869+00:00,14,0,0,30.0,30.0,0.0,0.0,0.0,0.0,27.0,0.0,0.0,50.0,0.3356,flowing
fadeyi_bus_stop,Fadeyi Bus Stop,6.522983799999999,3.3678074,General,secondary,interchange,0,1,3,0.54,3,5,mixed,0,0,2026-03-30T13:27:23.571946+00:00,14,0,0,30.0,30.0,0.0,0.0,0.0,0.0,27.0,0.0,0.0,50.0,0.32680000000000003,flowing
ojuelegba_2,Ojuelegba,6.510960600000001,3.362959,General,primary,interchange,0,1,4,0.62,3,5,mixed,0,0,2026-03-30T13:27:23.575233+00:00,14,0,0,30.0,30.0,0.0,0.0,0.0,0.0,27.0,0.0,0.0,50.0,0.3444,flowing
sport_centre,Sport Centre,6.517343999999999,3.387760999999999,General,local,standard,0,0,3,0.5,1,2,education,0,0,2026-03-30T13:27:23.578479+00:00,14,0,0,30.0,30.0,0.0,0.0,0.0,0.0,27.0,0.0,0.0,50.0,0.158,flowing
temple,Temple,6.540592,3.392753,General,local,standard,0,0,3,0.5,1,2,mixed,0,0,2026-03-30T13:27:23.581726+00:00,14,0,0,30.0,30.0,0.0,0.0,0.0,0.0,27.0,0.0,0.0,50.0,0.158,flowing
fadeyi,Fadeyi,6.523944999999999,3.367264,General,secondary,interchange,0,1,3,0.54,3,5,mixed,0,0,2026-03-30T13:27:23.584641+00:00,14,0,0,30.0,30.0,0.0,0.0,0.0,0.0,27.0,0.0,0.0,50.0,0.32680000000000003,flowing
somolu_oja_market,Somolu Oja (Market),6.533655999999999,3.376522,General,local,standard,0,0,3,0.5,1,2,market,1,0,2026-03-30T13:27:23.587523+00:00,14,0,0,30.0,30.0,0.0,0.0,0.0,0.0,27.0,0.0,0.0,50.0,0.218,flowing
anthony,Anthony,6.5583349,3.3669222,General,local,interchange,0,1,3,0.5,3,5,mixed,0,0,2026-03-30T13:27:23.590592+00:00,14,0,0,30.0,30.0,0.0,0.0,0.0,0.0,27.0,0.0,0.0,50.0,0.318,flowing
adekunle_bus_stop,Adekunle Bus Stop,6.492854899999999,3.3785775,General,local,standard,0,0,3,0.46,1,2,mixed,0,0,2026-03-30T13:27:23.593595+00:00,14,0,0,30.0,30.0,0.0,0.0,0.0,0.0,27.0,0.0,0.0,50.0,0.1492,flowing
spencer,Spencer,6.502256,3.377359,General,local,standard,0,0,3,0.5,1,2,mixed,0,0,2026-03-30T13:27:23.596580+00:00,14,0,0,30.0,30.0,0.0,0.0,0.0,0.0,27.0,0.0,0.0,50.0,0.158,flowing
st_agnes,St Agnes,6.511242,3.377295,General,local,standard,0,0,3,0.5,1,2,residential,0,0,2026-03-30T13:27:23.599514+00:00,14,0,0,30.0,30.0,0.0,0.0,0.0,0.0,27.0,0.0,0.0,50.0,0.158,flowing
empire,Empire,6.518226899999999,3.365297,General,local,standard,0,0,3,0.5,1,2,mixed,0,0,2026-03-30T13:27:23.602690+00:00,14,0,0,30.0,30.0,0.0,0.0,0.0,0.0,27.0,0.0,0.0,50.0,0.158,flowing
obanikoro_2,Obanikoro,6.546634300000001,3.3669012,General,secondary,interchange,0,1,3,0.57,3,5,mixed,0,0,2026-03-30T13:27:23.605676+00:00,14,0,0,30.0,30.0,0.0,0.0,0.0,0.0,27.0,0.0,0.0,50.0,0.3334,flowing
iwaya_garage,Iwaya Garage,6.505861000000001,3.391235,General,local,standard,0,0,3,0.5,1,2,mixed,0,0,2026-03-30T13:27:23.608747+00:00,14,0,0,30.0,30.0,0.0,0.0,0.0,0.0,27.0,0.0,0.0,50.0,0.158,flowing
empire_2,Empire,6.51826,3.36554,General,local,standard,0,0,3,0.5,1,2,mixed,0,0,2026-03-30T13:27:23.612377+00:00,14,0,0,30.0,30.0,0.0,0.0,0.0,0.0,27.0,0.0,0.0,50.0,0.158,flowing
barracks,Barracks,6.505219,3.363804,General,local,standard,0,0,3,0.5,1,2,mixed,0,0,2026-03-30T13:27:23.617165+00:00,14,0,0,30.0,30.0,0.0,0.0,0.0,0.0,27.0,0.0,0.0,50.0,0.158,flowing
ap_club,Ap Club,6.499018,3.376046999999999,General,local,standard,0,0,3,0.5,1,2,mixed,0,0,2026-03-30T13:27:23.620498+00:00,14,0,0,30.0,30.0,0.0,0.0,0.0,0.0,27.0,0.0,0.0,50.0,0.158,flowing
church_2,Church,6.505691,3.38756,General,local,standard,0,0,3,0.5,1,2,residential,0,0,2026-03-30T13:27:23.624145+00:00,14,0,0,30.0,30.0,0.0,0.0,0.0,0.0,27.0,0.0,0.0,50.0,0.158,flowing
cappa,Cappa,6.547649499999999,3.3549165,General,local,standard,0,0,3,0.5,1,2,mixed,0,0,2026-03-30T13:27:23.629164+00:00,14,0,0,30.0,30.0,0.0,0.0,0.0,0.0,27.0,0.0,0.0,50.0,0.158,flowing
fadeyi_2,Fadeyi,6.524166,3.367736,General,secondary,interchange,0,1,3,0.54,3,5,mixed,0,0,2026-03-30T13:27:23.634189+00:00,14,0,0,30.0,30.0,0.0,0.0,0.0,0.0,27.0,0.0,0.0,50.0,0.32680000000000003,flowing
atunrase,Atunrase,6.51378,3.35761,General,local,standard,0,0,3,0.5,1,2,mixed,0,0,2026-03-30T13:27:23.639331+00:00,14,0,0,30.0,30.0,0.0,0.0,0.0,0.0,27.0,0.0,0.0,50.0,0.158,flowing
g_u_o_transport_maza_maza_terminal,G.U.O. Transport - Maza-Maza Terminal,6.459200099999999,3.3019669,General,local,terminal,1,0,4,0.68,3,5,mixed,0,0,2026-03-30T13:27:23.645325+00:00,14,0,0,30.0,30.0,0.0,0.0,0.0,0.0,27.0,0.0,0.0,50.0,0.37760000000000005,flowing
onipanu_3,Onipanu,6.533651099999999,3.3672085,General,secondary,interchange,0,1,3,0.56,3,5,mixed,0,0,2026-03-30T13:27:23.650227+00:00,14,0,0,30.0,30.0,0.0,0.0,0.0,0.0,27.0,0.0,0.0,50.0,0.33120000000000005,flowing
adesina,Adesina,6.53441,3.384873,General,local,standard,0,0,3,0.5,1,2,mixed,0,0,2026-03-30T13:27:23.655471+00:00,14,0,0,30.0,30.0,0.0,0.0,0.0,0.0,27.0,0.0,0.0,50.0,0.158,flowing
bariga,Bariga,6.537239999999999,3.392039999999999,General,local,standard,0,0,3,0.5,1,2,residential,0,0,2026-03-30T13:27:23.659087+00:00,14,0,0,30.0,30.0,0.0,0.0,0.0,0.0,27.0,0.0,0.0,50.0,0.158,flowing
onike,Onike,6.509512,3.384132,General,local,standard,0,0,3,0.5,1,2,residential,0,0,2026-03-30T13:27:23.663904+00:00,14,0,0,30.0,30.0,0.0,0.0,0.0,0.0,27.0,0.0,0.0,50.0,0.158,flowing
palmgrove,Palmgrove,6.541618,3.3674,General,secondary,interchange,0,1,3,0.55,3,5,mixed,0,0,2026-03-30T13:27:23.669120+00:00,14,0,0,30.0,30.0,0.0,0.0,0.0,0.0,27.0,0.0,0.0,50.0,0.329,flowing
oshodi_terminal,Oshodi Terminal,6.557,3.35,General,primary,terminal,1,1,5,0.9,3,5,mixed,0,0,2026-05-07T22:26:16.632768+00:00,23,3,0,68.0,68.0,704.0,704.0,1.0,0.0,27.1,0.0,0.0,99.0,0.386,flowing
mile_2,Mile 2,6.4698,3.3023,General,primary,terminal,1,1,5,0.85,3,5,market,1,0,2026-05-07T22:26:19.902796+00:00,23,3,0,61.0,61.0,1044.0,1044.0,1.0,0.0,27.9,0.0,0.0,100.0,0.43500000000000005,moderate
ikeja_under_bridge,Ikeja Under Bridge,6.5958,3.3403,General,primary,interchange,0,1,4,0.6,3,5,business,0,1,2026-05-07T22:26:22.818487+00:00,23,3,0,31.0,31.0,8.0,8.0,1.0,0.0,27.1,0.0,0.0,99.0,0.28,flowing
ojota,Ojota,6.5952,3.3831,General,primary,interchange,0,1,4,0.7,3,5,mixed,0,0,2026-05-07T22:26:26.000623+00:00,23,3,0,41.0,41.0,28.0,28.0,1.0,0.0,27.5,0.0,0.0,100.0,0.242,flowing
berger,Berger,6.6349,3.3782,General,primary,interchange,0,1,3,0.55,3,5,mixed,0,0,2026-05-07T22:26:29.066904+00:00,23,3,0,72.0,72.0,1282.0,1282.0,1.0,0.0,27.4,0.0,0.0,100.0,0.20900000000000002,flowing
cms_marina,CMS Marina,6.4505,3.3958,General,primary,terminal,1,1,2,0.4,3,5,business,0,1,2026-05-07T22:26:32.742761+00:00,23,3,0,76.0,76.0,918.0,918.0,1.0,0.0,28.1,0.0,0.0,100.0,0.336,flowing
johnson_street,Johnson Street,6.54318,3.377831,General,local,standard,0,0,3,0.5,1,2,mixed,0,0,2026-05-07T22:26:36.093835+00:00,23,3,0,71.0,71.0,330.0,330.0,1.0,0.0,27.5,0.0,0.0,100.0,0.038000000000000006,flowing
abule_oja,Abule Oja,6.517238,3.38274,General,local,standard,0,0,3,0.48,1,2,market,1,0,2026-05-07T22:26:39.510565+00:00,23,3,0,76.0,76.0,918.0,918.0,1.0,0.0,27.8,0.0,0.0,100.0,0.09360000000000002,flowing
spencer_bus_station,Spencer Bus Station,6.502029100000001,3.377223,General,local,terminal,1,0,3,0.45,3,5,mixed,0,0,2026-05-07T22:26:44.219361+00:00,23,3,0,76.0,76.0,918.0,918.0,1.0,0.0,27.8,0.0,0.0,100.0,0.20700000000000002,flowing
iyana_oworo,Iyana Oworo,6.546217,3.3980625,General,local,interchange,0,1,3,0.52,3,5,mixed,0,0,2026-05-07T22:26:50.570207+00:00,23,3,0,74.0,74.0,996.0,996.0,1.0,0.0,27.5,0.0,0.0,100.0,0.20240000000000002,flowing
laide,Laide,6.539657,3.392462999999999,General,local,standard,0,0,3,0.5,1,2,mixed,0,0,2026-05-07T22:26:59.110838+00:00,23,3,0,76.0,76.0,918.0,918.0,1.0,0.0,27.5,0.0,0.0,100.0,0.038000000000000006,flowing
olorunsogo,Olorunsogo,6.5351119,3.3525065,General,local,standard,0,0,3,0.5,1,2,mixed,0,0,2026-05-07T22:27:08.386247+00:00,23,3,0,44.0,44.0,788.0,788.0,1.0,0.0,27.9,0.0,0.0,100.0,0.038000000000000006,flowing
bajulaiye,Bajulaiye,6.533379,3.383108,General,local,standard,0,0,3,0.5,1,2,mixed,0,0,2026-05-07T22:27:14.758106+00:00,23,3,0,55.0,55.0,663.0,663.0,1.0,0.0,27.8,0.0,0.0,100.0,0.038000000000000006,flowing
iyana_church,Iyana Church,6.501030000000001,3.38976,General,local,standard,0,0,3,0.5,1,2,residential,0,0,2026-05-07T22:27:21.133652+00:00,23,3,0,76.0,76.0,918.0,918.0,1.0,0.0,27.8,0.0,0.0,100.0,0.038000000000000006,flowing
lawal,Lawal,6.514756999999999,3.35599,General,local,standard,0,0,3,0.5,1,2,mixed,0,0,2026-05-07T22:27:25.303722+00:00,23,3,0,52.0,52.0,1177.0,1177.0,1.0,0.0,27.9,0.0,0.0,100.0,0.038000000000000006,flowing
st_timothy,St Timothy,6.507482,3.387555,General,local,standard,0,0,3,0.5,1,2,mixed,0,0,2026-05-07T22:27:29.490441+00:00,23,3,0,76.0,76.0,918.0,918.0,1.0,0.0,27.8,0.0,0.0,100.0,0.038000000000000006,flowing
lady_lak,Lady Lak,6.539136999999999,3.384637,General,local,standard,0,0,3,0.5,1,2,mixed,0,0,2026-05-07T22:27:34.191606+00:00,23,3,0,76.0,76.0,918.0,918.0,1.0,0.0,27.5,0.0,0.0,100.0,0.038000000000000006,flowing
alausa,Alausa,6.6174604,3.3594836,General,local,interchange,0,1,3,0.52,3,5,business,0,1,2026-05-07T22:27:37.367985+00:00,23,3,0,40.0,40.0,341.0,341.0,1.0,0.0,27.5,0.0,0.0,99.0,0.2624,flowing
gbagada,Gbagada,6.548821,3.388359,General,secondary,interchange,0,1,3,0.58,3,5,mixed,0,0,2026-05-07T22:27:39.825449+00:00,23,3,0,71.0,71.0,330.0,330.0,1.0,0.0,27.5,0.0,0.0,100.0,0.2156,flowing
unilag_gate_university_road,Unilag Gate (University Road),6.517602999999999,3.384831999999999,General,local,standard,0,0,3,0.5,1,2,education,0,0,2026-05-07T22:27:42.493969+00:00,23,3,0,44.0,44.0,788.0,788.0,1.0,0.0,27.8,0.0,0.0,100.0,0.038000000000000006,flowing
chemist_bus_stop,Chemist Bus Stop,6.529058999999998,3.3804765,General,local,standard,0,0,3,0.5,1,2,mixed,0,0,2026-05-07T22:27:45.816067+00:00,23,3,0,55.0,55.0,663.0,663.0,1.0,0.0,27.8,0.0,0.0,100.0,0.038000000000000006,flowing
waec_bus_station,WAEC Bus Station,6.517698800000001,3.371279200000001,General,local,terminal,1,0,3,0.5,3,5,mixed,0,0,2026-05-07T22:27:50.258586+00:00,23,3,0,44.0,44.0,788.0,788.0,1.0,0.0,27.8,0.0,0.0,100.0,0.21800000000000003,flowing
abule_oja_2,Abule Oja,6.51703,3.381541,General,local,standard,0,0,3,0.48,1,2,market,1,0,2026-05-07T22:27:54.351184+00:00,23,3,0,76.0,76.0,918.0,918.0,1.0,0.0,27.8,0.0,0.0,100.0,0.09360000000000002,flowing
new_hall,New Hall,6.519029,3.392297,General,local,standard,0,0,3,0.5,1,2,education,0,0,2026-05-07T22:27:58.356810+00:00,23,3,0,76.0,76.0,918.0,918.0,1.0,0.0,27.8,0.0,0.0,100.0,0.038000000000000006,flowing
iju_train_station,Iju Train Station,6.6610851,3.3200146,General,local,terminal,1,0,3,0.52,3,5,mixed,0,0,2026-05-07T22:28:03.339292+00:00,23,3,0,50.0,50.0,1428.0,1428.0,1.0,0.0,27.5,0.0,0.0,99.0,0.22240000000000004,flowing
okesuna,Okesuna,6.533609999999999,3.379921,General,local,standard,0,0,3,0.5,1,2,mixed,0,0,2026-05-07T22:28:07.426718+00:00,23,3,0,55.0,55.0,663.0,663.0,1.0,0.0,27.8,0.0,0.0,100.0,0.038000000000000006,flowing
yabatech_main_gate,Yabatech Main Gate,6.519164,3.371761,General,secondary,standard,0,0,3,0.5,1,2,education,0,0,2026-05-07T22:28:11.875050+00:00,23,3,0,76.0,76.0,918.0,918.0,1.0,0.0,27.8,0.0,0.0,100.0,0.038000000000000006,flowing
abidoun,Abidoun,6.499777,3.388271,General,local,standard,0,0,3,0.5,1,2,mixed,0,0,2026-05-07T22:28:16.077318+00:00,23,3,0,76.0,76.0,918.0,918.0,1.0,0.0,27.8,0.0,0.0,100.0,0.038000000000000006,flowing
mushin,Mushin,6.529851699999998,3.353364999999999,General,local,interchange,0,1,4,0.6,3,5,market,1,0,2026-05-07T22:28:19.873620+00:00,23,3,0,44.0,44.0,788.0,788.0,1.0,0.0,27.9,0.0,0.0,100.0,0.28,flowing
olosha_bus_stop,Olosha Bus Stop,6.526432,3.358003,General,local,standard,0,0,3,0.5,1,2,mixed,0,0,2026-05-07T22:28:23.878032+00:00,23,3,0,41.0,43.0,1307.0,1247.0,0.963617,0.046511627906976716,27.9,0.0,0.0,100.0,0.0491627906976744,flowing
jibowu_bus_stop,Jibowu Bus Stop,6.519979999999999,3.367309,General,local,interchange,0,1,3,0.56,3,5,mixed,0,0,2026-05-07T22:28:27.797652+00:00,23,3,0,52.0,52.0,1177.0,1177.0,1.0,0.0,27.8,0.0,0.0,100.0,0.21120000000000005,flowing
ayilara,Ayilara,6.510533000000001,3.36117,General,local,standard,0,0,3,0.5,1,2,mixed,0,0,2026-05-07T22:28:31.941165+00:00,23,3,0,52.0,52.0,1177.0,1177.0,1.0,0.0,27.8,0.0,0.0,100.0,0.038000000000000006,flowing
alagomeji,Alagomeji,6.499767,3.378309,General,local,standard,0,0,3,0.5,1,2,mixed,0,0,2026-05-07T22:28:36.040697+00:00,23,3,0,76.0,76.0,918.0,918.0,1.0,0.0,27.8,0.0,0.0,100.0,0.038000000000000006,flowing
alagomeji_bus_station,Alagomeji Bus Station,6.4997771,3.3781725,General,local,terminal,1,0,3,0.5,3,5,mixed,0,0,2026-05-07T22:28:40.593366+00:00,23,3,0,76.0,76.0,918.0,918.0,1.0,0.0,27.8,0.0,0.0,100.0,0.21800000000000003,flowing
onipanu,Onipanu,6.532926000000001,3.367368,General,secondary,interchange,0,1,3,0.56,3,5,mixed,0,0,2026-05-07T22:28:44.855192+00:00,23,3,0,55.0,55.0,663.0,663.0,1.0,0.0,27.8,0.0,0.0,100.0,0.21120000000000005,flowing
onipanu_2,Onipanu,6.532806000000001,3.3671,General,secondary,interchange,0,1,3,0.56,3,5,mixed,0,0,2026-05-07T22:28:49.523398+00:00,23,3,0,52.0,52.0,1177.0,1177.0,1.0,0.0,27.8,0.0,0.0,100.0,0.21120000000000005,flowing
palmgrove_bariga,Palmgrove Bariga,6.541820999999999,3.368328,General,secondary,interchange,0,1,3,0.55,3,5,residential,0,0,2026-05-07T22:28:53.878503+00:00,23,3,0,55.0,55.0,663.0,663.0,1.0,0.0,27.5,0.0,0.0,100.0,0.20900000000000002,flowing
igbobi,Igbobi,6.530229,3.367605,General,local,standard,0,0,3,0.5,1,2,mixed,0,0,2026-05-07T22:28:58.230276+00:00,23,3,0,55.0,55.0,663.0,663.0,1.0,0.0,27.8,0.0,0.0,100.0,0.038000000000000006,flowing
charly_boy_bus_stop,Charly Boy Bus Stop,6.548371899999999,3.3787432,General,local,interchange,0,1,3,0.5,3,5,mixed,0,0,2026-05-07T22:29:02.000565+00:00,23,3,0,71.0,71.0,330.0,330.0,1.0,0.0,27.5,0.0,0.0,100.0,0.198,flowing
unilag_shuttle_bariga,Unilag Shuttle Bariga,6.534617999999999,3.391877999999999,General,local,standard,0,0,3,0.5,1,2,education,0,0,2026-05-07T22:29:06.336219+00:00,23,3,0,76.0,76.0,918.0,918.0,1.0,0.0,27.8,0.0,0.0,100.0,0.038000000000000006,flowing
idi_araba,Idi Araba,6.516742,3.354085,General,local,standard,0,0,3,0.5,1,2,mixed,0,0,2026-05-07T22:29:10.377032+00:00,23,3,0,44.0,44.0,788.0,788.0,1.0,0.0,27.9,0.0,0.0,100.0,0.038000000000000006,flowing
underbridge_mosalashi,Underbridge (Mosalashi),6.517128,3.368726,General,local,standard,0,0,3,0.5,1,2,mixed,0,0,2026-05-07T22:29:14.235140+00:00,23,3,0,55.0,55.0,663.0,663.0,1.0,0.0,27.8,0.0,0.0,100.0,0.038000000000000006,flowing
yaba_station,Yaba Station,6.510681999999999,3.370865999999999,General,secondary,interchange,0,1,4,0.65,3,5,mixed,0,0,2026-05-07T22:29:18.148590+00:00,23,3,0,45.0,48.0,1375.0,1289.0,0.67004,0.0625,27.8,0.0,0.0,100.0,0.24600000000000005,flowing
ojuelegba,Ojuelegba,6.511566999999999,3.363344999999999,General,primary,interchange,0,1,4,0.62,3,5,mixed,0,0,2026-05-07T22:29:22.551179+00:00,23,3,0,52.0,52.0,1177.0,1177.0,1.0,0.0,27.8,0.0,0.0,100.0,0.2244,flowing
muritala,Muritala,6.543013999999999,3.393567999999999,General,local,standard,0,0,3,0.5,1,2,mixed,0,0,2026-05-07T22:29:26.808040+00:00,23,3,0,76.0,76.0,918.0,918.0,1.0,0.0,27.5,0.0,0.0,100.0,0.038000000000000006,flowing
nsik_motors_limited_aktc_ojuelegba,"Nsik Motors Limited (Aktc), Ojuelegba",6.510032000000001,3.3623336,General,primary,standard,0,0,3,0.5,1,2,mixed,0,0,2026-05-07T22:29:32.154347+00:00,23,3,0,52.0,52.0,1177.0,1177.0,1.0,0.0,27.8,0.0,0.0,100.0,0.038000000000000006,flowing
church,Church,6.530596999999999,3.378789,General,local,standard,0,0,3,0.5,1,2,residential,0,0,2026-05-07T22:29:35.635409+00:00,23,3,0,55.0,55.0,663.0,663.0,1.0,0.0,27.8,0.0,0.0,100.0,0.038000000000000006,flowing
unilag_gate_akoka_road,Unilag Gate (Akoka Road),6.517867000000001,3.384795,General,local,standard,0,0,3,0.5,1,2,education,0,0,2026-05-07T22:29:41.492843+00:00,23,3,0,44.0,44.0,788.0,788.0,1.0,0.0,27.8,0.0,0.0,100.0,0.038000000000000006,flowing
obanikoro,Obanikoro,6.546717999999998,3.367314,General,secondary,interchange,0,1,3,0.57,3,5,mixed,0,0,2026-05-07T22:29:46.294342+00:00,23,3,0,55.0,55.0,663.0,663.0,1.0,0.0,27.5,0.0,0.0,100.0,0.21339999999999998,flowing
sungas,Sungas,6.535856999999999,3.38897,General,local,standard,0,0,3,0.5,1,2,mixed,0,0,2026-05-07T22:29:51.045444+00:00,23,3,0,76.0,76.0,918.0,918.0,1.0,0.0,27.8,0.0,0.0,100.0,0.038000000000000006,flowing
ojuelegba_bus_station,Ojuelegba Bus Station,6.510317,3.3626533,General,primary,terminal,1,1,4,0.62,3,5,mixed,0,0,2026-05-07T22:29:56.829130+00:00,23,3,0,52.0,52.0,1177.0,1177.0,1.0,0.0,27.6,0.0,0.0,100.0,0.3244,flowing
mfm_gate,Mfm Gate,6.509885,3.385634,General,local,standard,0,0,3,0.5,1,2,mixed,0,0,2026-05-07T22:30:09.426708+00:00,23,3,0,74.0,74.0,996.0,996.0,1.0,0.0,27.6,0.0,0.0,100.0,0.038000000000000006,flowing
alade_bus_stop,Alade Bus Stop,6.6019546,3.3538821,General,local,standard,0,0,3,0.5,1,2,mixed,0,0,2026-05-07T22:30:19.461580+00:00,23,3,0,38.0,38.0,353.0,353.0,1.0,0.0,27.0,0.0,0.0,100.0,0.038000000000000006,flowing
ibidun,Ibidun,6.51072,3.360529999999999,General,local,standard,0,0,3,0.5,1,2,mixed,0,0,2026-05-07T22:30:24.467924+00:00,23,3,0,52.0,52.0,1177.0,1177.0,1.0,0.0,27.6,0.0,0.0,100.0,0.038000000000000006,flowing
st_finbarrs,St Finbarrs,6.522098,3.385506,General,local,standard,0,0,3,0.5,1,2,mixed,0,0,2026-05-07T22:30:29.305711+00:00,23,3,0,55.0,55.0,663.0,663.0,1.0,0.0,27.6,0.0,0.0,100.0,0.038000000000000006,flowing
unilag,Unilag,6.517568199999999,3.3855674,General,local,standard,0,0,3,0.5,1,2,education,0,0,2026-05-07T22:30:33.459234+00:00,23,3,0,76.0,76.0,918.0,918.0,1.0,0.0,27.6,0.0,0.0,100.0,0.038000000000000006,flowing
gbagada_2,Gbagada,6.5491486,3.3881944,General,secondary,interchange,0,1,3,0.58,3,5,mixed,0,0,2026-05-07T22:30:37.814905+00:00,23,3,0,71.0,71.0,325.0,325.0,1.0,0.0,27.5,0.0,0.0,100.0,0.2156,flowing
fadeyi_bus_stop,Fadeyi Bus Stop,6.522983799999999,3.3678074,General,secondary,interchange,0,1,3,0.54,3,5,mixed,0,0,2026-05-07T22:30:41.484326+00:00,23,3,0,55.0,55.0,663.0,663.0,1.0,0.0,27.6,0.0,0.0,100.0,0.20680000000000004,flowing
ojuelegba_2,Ojuelegba,6.510960600000001,3.362959,General,primary,interchange,0,1,4,0.62,3,5,mixed,0,0,2026-05-07T22:30:45.653233+00:00,23,3,0,52.0,52.0,1177.0,1177.0,1.0,0.0,27.6,0.0,0.0,100.0,0.2244,flowing
sport_centre,Sport Centre,6.517343999999999,3.387760999999999,General,local,standard,0,0,3,0.5,1,2,education,0,0,2026-05-07T22:30:49.407739+00:00,23,3,0,76.0,76.0,918.0,918.0,1.0,0.0,27.6,0.0,0.0,100.0,0.038000000000000006,flowing
temple,Temple,6.540592,3.392753,General,local,standard,0,0,3,0.5,1,2,mixed,0,0,2026-05-07T22:30:54.844621+00:00,23,3,0,76.0,76.0,918.0,918.0,1.0,0.0,27.5,0.0,0.0,100.0,0.038000000000000006,flowing
fadeyi,Fadeyi,6.523944999999999,3.367264,General,secondary,interchange,0,1,3,0.54,3,5,mixed,0,0,2026-05-07T22:30:57.866826+00:00,23,3,0,52.0,52.0,1177.0,1177.0,1.0,0.0,27.6,0.0,0.0,100.0,0.20680000000000004,flowing
somolu_oja_market,Somolu Oja (Market),6.533655999999999,3.376522,General,local,standard,0,0,3,0.5,1,2,market,1,0,2026-05-07T22:31:01.950149+00:00,23,3,0,55.0,55.0,663.0,663.0,1.0,0.0,27.6,0.0,0.0,100.0,0.098,flowing
anthony,Anthony,6.5583349,3.3669222,General,local,interchange,0,1,3,0.5,3,5,mixed,0,0,2026-05-07T22:31:05.445074+00:00,23,3,0,55.0,55.0,663.0,663.0,1.0,0.0,27.5,0.0,0.0,100.0,0.198,flowing
adekunle_bus_stop,Adekunle Bus Stop,6.492854899999999,3.3785775,General,local,standard,0,0,3,0.46,1,2,mixed,0,0,2026-05-07T22:31:09.520876+00:00,23,3,0,45.0,48.0,1375.0,1289.0,0.665078,0.0625,27.6,0.0,0.0,100.0,0.04419999999999999,flowing
spencer,Spencer,6.502256,3.377359,General,local,standard,0,0,3,0.5,1,2,mixed,0,0,2026-05-07T22:31:14.252597+00:00,23,3,0,76.0,76.0,918.0,918.0,1.0,0.0,27.6,0.0,0.0,100.0,0.038000000000000006,flowing
st_agnes,St Agnes,6.511242,3.377295,General,local,standard,0,0,3,0.5,1,2,residential,0,0,2026-05-07T22:31:18.243412+00:00,23,3,0,42.0,42.0,1276.0,1276.0,1.0,0.0,27.6,0.0,0.0,100.0,0.038000000000000006,flowing
empire,Empire,6.518226899999999,3.365297,General,local,standard,0,0,3,0.5,1,2,mixed,0,0,2026-05-07T22:31:22.430825+00:00,23,3,0,44.0,44.0,788.0,788.0,1.0,0.0,27.6,0.0,0.0,100.0,0.038000000000000006,flowing
obanikoro_2,Obanikoro,6.546634300000001,3.3669012,General,secondary,interchange,0,1,3,0.57,3,5,mixed,0,0,2026-05-07T22:31:25.868718+00:00,23,3,0,52.0,52.0,1177.0,1177.0,1.0,0.0,27.5,0.0,0.0,100.0,0.21339999999999998,flowing
iwaya_garage,Iwaya Garage,6.505861000000001,3.391235,General,local,standard,0,0,3,0.5,1,2,mixed,0,0,2026-05-07T22:31:30.275324+00:00,23,3,0,76.0,76.0,918.0,918.0,1.0,0.0,27.6,0.0,0.0,100.0,0.038000000000000006,flowing
empire_2,Empire,6.51826,3.36554,General,local,standard,0,0,3,0.5,1,2,mixed,0,0,2026-05-07T22:31:33.752580+00:00,23,3,0,42.0,42.0,1276.0,1276.0,1.0,0.0,27.6,0.0,0.0,100.0,0.038000000000000006,flowing
barracks,Barracks,6.505219,3.363804,General,local,standard,0,0,3,0.5,1,2,mixed,0,0,2026-05-07T22:31:37.224658+00:00,23,3,0,52.0,52.0,1177.0,1177.0,1.0,0.0,27.6,0.0,0.0,100.0,0.038000000000000006,flowing
ap_club,Ap Club,6.499018,3.376046999999999,General,local,standard,0,0,3,0.5,1,2,mixed,0,0,2026-05-07T22:31:40.218638+00:00,23,3,0,46.0,48.0,1345.0,1289.0,0.657238,0.04166666666666663,27.6,0.0,0.0,100.0,0.048000000000000015,flowing
church_2,Church,6.505691,3.38756,General,local,standard,0,0,3,0.5,1,2,residential,0,0,2026-05-07T22:31:43.642668+00:00,23,3,0,76.0,76.0,918.0,918.0,1.0,0.0,27.6,0.0,0.0,100.0,0.038000000000000006,flowing
cappa,Cappa,6.547649499999999,3.3549165,General,local,standard,0,0,3,0.5,1,2,mixed,0,0,2026-05-07T22:31:46.703945+00:00,23,3,0,44.0,44.0,788.0,788.0,1.0,0.0,27.0,0.0,0.0,100.0,0.038000000000000006,flowing
fadeyi_2,Fadeyi,6.524166,3.367736,General,secondary,interchange,0,1,3,0.54,3,5,mixed,0,0,2026-05-07T22:31:49.891099+00:00,23,3,0,55.0,55.0,663.0,663.0,1.0,0.0,27.6,0.0,0.0,100.0,0.20680000000000004,flowing
atunrase,Atunrase,6.51378,3.35761,General,local,standard,0,0,3,0.5,1,2,mixed,0,0,2026-05-07T22:31:53.060598+00:00,23,3,0,52.0,52.0,1177.0,1177.0,1.0,0.0,27.8,0.0,0.0,100.0,0.038000000000000006,flowing
g_u_o_transport_maza_maza_terminal,G.U.O. Transport - Maza-Maza Terminal,6.459200099999999,3.3019669,General,local,terminal,1,0,4,0.68,3,5,mixed,0,0,2026-05-07T22:31:55.875443+00:00,23,3,0,50.0,50.0,1133.0,1133.0,1.0,0.0,28.0,0.0,0.0,100.0,0.25760000000000005,flowing
onipanu_3,Onipanu,6.533651099999999,3.3672085,General,secondary,interchange,0,1,3,0.56,3,5,mixed,0,0,2026-05-07T22:31:58.959081+00:00,23,3,0,52.0,52.0,1177.0,1177.0,1.0,0.0,27.6,0.0,0.0,100.0,0.21120000000000005,flowing
adesina,Adesina,6.53441,3.384873,General,local,standard,0,0,3,0.5,1,2,mixed,0,0,2026-05-07T22:32:02.172382+00:00,23,3,0,62.0,71.0,372.0,325.0,1.0,0.12676056338028174,27.6,0.0,0.0,100.0,0.06842253521126765,flowing
bariga,Bariga,6.537239999999999,3.392039999999999,General,local,standard,0,0,3,0.5,1,2,residential,0,0,2026-05-07T22:32:04.998037+00:00,23,3,0,76.0,76.0,918.0,918.0,1.0,0.0,27.6,0.0,0.0,100.0,0.038000000000000006,flowing
onike,Onike,6.509512,3.384132,General,local,standard,0,0,3,0.5,1,2,residential,0,0,2026-05-07T22:32:07.494521+00:00,23,3,0,76.0,76.0,918.0,918.0,1.0,0.0,27.6,0.0,0.0,100.0,0.038000000000000006,flowing
palmgrove,Palmgrove,6.541618,3.3674,General,secondary,interchange,0,1,3,0.55,3,5,mixed,0,0,2026-05-07T22:32:10.123539+00:00,23,3,0,55.0,55.0,663.0,663.0,1.0,0.0,27.5,0.0,0.0,100.0,0.20900000000000002,flowing
